TIME,FM1,PE1,PE2,PE3,PE4,TP1,TP2,EPOCH
2020-07-05 21:00:00+00:00,0.29184058,0.9442119,0.9698446,0.9098173,0.75287855,0.12870277,0.72959197,1593982800
2020-07-05 21:30:00+00:00,0.29038382,0.94797057,0.97145903,0.91357595,0.75374126,0.11757235,0.72390527,1593984600
2020-07-05 22:00:00+00:00,0.27945802,0.9441379,0.9689942,0.91251606,0.7531867,0.11124238,0.72067124,1593986400
2020-07-05 22:30:00+00:00,0.28892702,0.9503366,0.9762528,0.9159912,0.7566987,0.102464244,0.71618634,1593988200
2020-07-05 23:00:00+00:00,0.29961005,0.9502257,0.97574747,0.9161884,0.75656325,0.093201205,0.71145374,1593990000
2020-07-05 23:30:00+00:00,0.2963323,0.94583863,0.97476155,0.91490686,0.7560704,0.09090909,0.7102827,1593991800
2020-07-06 00:00:00+00:00,0.2741165,0.9464547,0.97091264,0.9119636,0.7520776,0.091887996,0.6182328,1593993600
2020-07-06 00:30:00+00:00,0.2799436,0.94694775,0.97242016,0.9111111,0.7512149,0.08630336,0.6755297,1593995400
2020-07-06 01:00:00+00:00,0.2957051,0.9515074,0.9768566,0.9143769,0.75538015,0.08063689,0.6923239,1593997200
2020-07-06 01:30:00+00:00,0.29681793,0.9487653,0.9740469,0.9163979,0.7572041,0.086418934,0.6935175,1593999000
2020-07-06 02:00:00+00:00,0.27824405,0.9450006,0.9707771,0.91036975,0.7507959,0.09123013,0.6279574,1594000800
2020-07-06 02:30:00+00:00,0.28504232,0.94399005,0.9695056,0.9096941,0.7503522,0.076149076,0.6413858,1594002600
2020-07-06 03:00:00+00:00,0.29354015,0.9430411,0.96453315,0.90844923,0.7478382,0.05949766,0.6915952,1594004400
2020-07-06 03:30:00+00:00,0.27628142,0.948562,0.9744411,0.91252834,0.75151056,0.050911643,0.6093983,1594006100
2020-07-06 04:00:00+00:00,0.27581608,0.9439757,0.9686615,0.90822953,0.7481361,0.046438996,0.67206913,1594008000
2020-07-06 04:30:00+00:00,0.28751075,0.9456043,0.9686821,0.9115055,0.7502536,0.039964244,0.63387734,1594009900
2020-07-06 05:00:00+00:00,0.28759167,0.94290763,0.96519864,0.9088437,0.7491979,0.04917821,0.64506495,1594011600
2020-07-06 05:30:00+00:00,0.27798098,0.94166094,0.9661126,0.9081824,0.7467374,0.06662646,0.68261576,1594013400
2020-07-06 06:00:00+00:00,0.2908694,0.9429425,0.9674538,0.9079729,0.7475034,0.069075584,0.66884273,1594015200
2020-07-06 06:30:00+00:00,0.30640832,0.9414883,0.9662091,0.90798306,0.7481709,0.08050303,0.68826616,1594017000
2020-07-06 07:00:00+00:00,0.2973035,0.9405888,0.9635145,0.90676516,0.7458522,0.10884831,0.6804265,1594018800
2020-07-06 07:30:00+00:00,0.27496627,0.940404,0.96219176,0.90722525,0.7459158,0.16023359,0.7160186,1594020600
2020-07-06 08:00:00+00:00,0.277111,0.93941814,0.9650631,0.9067856,0.7450204,0.20280214,0.7160555,1594022400
2020-07-06 08:30:00+00:00,0.2816027,0.9411064,0.96464825,0.9069705,0.7438331,0.2253039,0.73016024,1594024200
2020-07-06 09:00:00+00:00,0.29402575,0.94145143,0.9660244,0.90683496,0.7459035,0.25827798,0.7792622,1594026000
2020-07-06 09:30:00+00:00,0.28722748,0.9395536,0.9639171,0.9064283,0.74352497,0.3020726,0.78561157,1594027800
2020-07-06 10:00:00+00:00,0.2705757,0.93109983,0.95367014,0.9176796,0.81247455,0.37212718,0.8278941,1594029600
2020-07-06 10:30:00+00:00,0.27921522,0.9252462,0.9455182,0.9180657,0.8250404,0.42029494,0.8422674,1594031400
2020-07-06 11:00:00+00:00,0.27751562,0.9247779,0.9515566,0.92196804,0.8276426,0.47663072,0.8659858,1594033200
2020-07-06 11:30:00+00:00,0.26792517,0.927908,0.9525179,0.92377764,0.8283348,0.5007618,0.9171518,1594035000
2020-07-06 12:00:00+00:00,0.27897242,0.9239501,0.9500779,0.9197006,0.8266834,0.49074313,0.879516,1594036700
2020-07-06 12:30:00+00:00,0.27703005,0.9276964,0.95103896,0.92396444,0.8279816,0.50763893,0.89518213,1594038700
2020-07-06 13:00:00+00:00,0.27096015,0.9278382,0.9535797,0.92193115,0.8254019,0.5449438,0.9046481,1594040400
2020-07-06 13:30:00+00:00,0.2888056,0.93045896,0.9540213,0.92401177,0.8292838,0.55791575,0.90874684,1594042200
2020-07-06 14:00:00+00:00,0.2783654,0.92614573,0.9524912,0.924938,0.8277925,0.5771408,0.8999937,1594044000
2020-07-06 14:30:00+00:00,0.27002943,0.9285241,0.9504352,0.92253494,0.82582283,0.62831974,0.9557816,1594045800
2020-07-06 15:00:00+00:00,0.28176457,0.9279326,0.94989294,0.92174417,0.826437,0.66796476,0.95991695,1594047600
2020-07-06 15:30:00+00:00,0.2746021,0.9307794,0.9534667,0.92508394,0.8282424,0.69692665,0.9606057,1594049400
2020-07-06 16:00:00+00:00,0.26288718,0.9268112,0.9525302,0.9234962,0.8276693,0.6960388,0.9669894,1594051200
2020-07-06 16:30:00+00:00,0.28127897,0.92417395,0.9490551,0.9203721,0.824342,0.6817863,1,1594053000
2020-07-06 17:00:00+00:00,0.27798098,0.9254803,0.95302516,0.9210007,0.8240462,0.6610164,0.9937199,1594054800
2020-07-06 17:30:00+00:00,0.2676824,0.9309293,0.9535551,0.9256281,0.8280144,0.6445531,0.8950586,1594056600
2020-07-06 18:00:00+00:00,0.26845124,0.9296332,0.95493335,0.92558706,0.82757074,0.61604875,0.9520353,1594058400
2020-07-06 18:30:00+00:00,0.28309992,0.92792445,0.94991547,0.9228184,0.82567084,0.5662138,0.9222606,1594060200
2020-07-06 19:00:00+00:00,0.28067195,0.9276122,0.9530231,0.9249176,0.82871693,0.50910383,0.8730863,1594062000
2020-07-06 19:30:00+00:00,0.27314532,0.9317405,0.9575254,0.92504895,0.8203,0.43296728,0.84459955,1594063700
2020-07-06 20:00:00+00:00,0.29111218,0.93055755,0.9562539,0.9208816,0.80690026,0.39090478,0.8270224,1594065700
2020-07-06 20:30:00+00:00,0.28164318,0.93406963,0.9566708,0.92261916,0.80906093,0.35792246,0.83394355,1594067500
2020-07-06 21:00:00+00:00,0.2738737,0.93917155,0.96331316,0.92901295,0.8144832,0.33219483,0.8043338,1594069200
2020-07-06 21:30:00+00:00,0.28471857,0.9332317,0.9597907,0.9228574,0.8086173,0.2967454,0.7755739,1594071000
2020-07-06 22:00:00+00:00,0.2935199,0.9390854,0.9617727,0.92686045,0.81251144,0.27055672,0.73607916,1594072800
2020-07-06 22:30:00+00:00,0.27787983,0.93641126,0.9613641,0.92719316,0.8123739,0.24822244,0.7432952,1594074600
2020-07-06 23:00:00+00:00,0.28212875,0.9339095,0.9588767,0.92315114,0.808223,0.23037963,0.73336005,1594076400
2020-07-06 23:30:00+00:00,0.29693928,0.93745863,0.96544504,0.92800665,0.81357133,0.22325204,0.7249603,1594078200
2020-07-07 00:00:00+00:00,0.27638257,0.93653446,0.96083623,0.9249176,0.8103076,0.21246172,0.6983467,1594080000
2020-07-07 00:30:00+00:00,0.27520907,0.9341436,0.9585317,0.92422336,0.8101229,0.21035567,0.7064012,1594081800
2020-07-07 01:00:00+00:00,0.29596812,0.9345873,0.96144205,0.9273658,0.8126101,0.2052477,0.7629917,1594083600
2020-07-07 01:30:00+00:00,0.28892702,0.93739694,0.9614646,0.92797995,0.81252587,0.1976438,0.75999296,1594085400
2020-07-07 02:00:00+00:00,0.26574,0.9322335,0.9554754,0.92280614,0.80811214,0.19086577,0.70447683,1594087200
2020-07-07 02:30:00+00:00,0.27229553,0.93239367,0.95792794,0.9225597,0.8078574,0.19256471,0.731761,1594089000
2020-07-07 03:00:00+00:00,0.28285715,0.9283044,0.9553399,0.91978484,0.8026281,0.19401646,0.7620923,1594090800
2020-07-07 03:30:00+00:00,0.29147637,0.938617,0.9619082,0.9268729,0.8111601,0.19519277,0.7579198,1594092500
2020-07-07 04:00:00+00:00,0.2583348,0.93437773,0.9594559,0.9248148,0.80796015,0.20550849,0.75845134,1594094300
2020-07-07 04:30:00+00:00,0.26658982,0.9369164,0.96204394,0.9267003,0.80859685,0.19701229,0.7058878,1594096300
2020-07-07 05:00:00+00:00,0.27484486,0.9409832,0.9657901,0.9204647,0.78003937,0.1849464,0.7583275,1594098000
2020-07-07 05:30:00+00:00,0.27338812,0.9413651,0.9640032,0.91875166,0.7720415,0.1605033,0.69951904,1594099800
2020-07-07 06:00:00+00:00,0.27096015,0.9370767,0.9620931,0.91675526,0.77014166,0.16348137,0.71774656,1594101600
2020-07-07 06:30:00+00:00,0.28929123,0.94081056,0.9654574,0.91978693,0.77444446,0.18999316,0.7494966,1594103400
2020-07-07 07:00:00+00:00,0.28977683,0.9371013,0.96312827,0.9175933,0.7716594,0.22682832,0.7293543,1594105200
2020-07-07 07:30:00+00:00,0.2671968,0.9380872,0.96530956,0.9177207,0.771684,0.26474717,0.7614324,1594107000
2020-07-07 08:00:00+00:00,0.26513305,0.9404307,0.96570396,0.92124104,0.7741488,0.28935546,0.778811,1594108800
2020-07-07 08:30:00+00:00,0.27545187,0.9445446,0.9688587,0.9236934,0.7776609,0.30377093,0.7699214,1594110600
2020-07-07 09:00:00+00:00,0.28577068,0.9422278,0.9680577,0.9199225,0.77340937,0.3090438,0.741139,1594112400
2020-07-07 09:30:00+00:00,0.268775,0.93954134,0.9610949,0.9147651,0.7699259,0.30564117,0.7921589,1594114200
2020-07-07 10:00:00+00:00,0.26571977,0.9433123,0.967121,0.92003334,0.77230024,0.3044667,0.78316,1594116000
2020-07-07 10:30:00+00:00,0.28309992,0.93887585,0.9649768,0.918308,0.7728302,0.31694058,0.7823963,1594117800
2020-07-07 11:00:00+00:00,0.27666584,0.9381262,0.9613044,0.91506696,0.770464,0.33356744,0.7863855,1594119600
2020-07-07 11:30:00+00:00,0.25930595,0.9363783,0.962734,0.91678005,0.76908386,0.34427965,0.80302906,1594121300
2020-07-07 12:00:00+00:00,0.26986757,0.9430699,0.96737576,0.9217318,0.7753071,0.33680022,0.80043703,1594123300
2020-07-07 12:30:00+00:00,0.28394973,0.94426113,0.9697214,0.9222474,0.7755167,0.30731323,0.77923506,1594125000
2020-07-07 13:00:00+00:00,0.27921522,0.9384322,0.9647571,0.91775346,0.7696384,0.31167004,0.81291205,1594126800
2020-07-07 13:30:00+00:00,0.26175416,0.93872786,0.96389234,0.920403,0.7714355,0.31703272,0.7428437,1594128600
2020-07-07 14:00:00+00:00,0.27618024,0.9411002,0.9636665,0.9173715,0.76942885,0.3124048,0.82344764,1594130400
2020-07-07 14:30:00+00:00,0.27593747,0.936405,0.96298045,0.9180493,0.770883,0.2887887,0.70241183,1594132200
2020-07-07 15:00:00+00:00,0.26646844,0.945395,0.9699555,0.9228718,0.7742472,0.26260158,0.7954727,1594134000
2020-07-07 15:30:00+00:00,0.27927592,0.9458693,0.9671479,0.9230033,0.77414465,0.25,0.74093723,1594135800
2020-07-07 16:00:00+00:00,0.28710607,0.94098717,0.9660244,0.92018116,0.7735305,0.24332862,0.75938755,1594137600
2020-07-07 16:30:00+00:00,0.27023172,0.9471181,0.9680331,0.92326206,0.77656406,0.24155755,0.6681661,1594139400
2020-07-07 17:00:00+00:00,0.28057963,0.9438365,0.97085804,0.9255529,0.77807486,0.25249445,0.7167219,1594141200
2020-07-07 17:30:00+00:00,0.2875512,0.9468738,0.9669117,0.9232744,0.7760589,0.24276282,0.7732386,1594143000
2020-07-07 18:00:00+00:00,0.26464745,0.94274753,0.9680577,0.92314494,0.7745185,0.22661304,0.74282557,1594144800
2020-07-07 18:30:00+00:00,0.27800122,0.94975746,0.9743427,0.92713773,0.77904326,0.21086927,0.735463,1594146600
2020-07-07 19:00:00+00:00,0,0.9595422,0.47826764,0.9360414,0.7869774,0.19746703,0.74720967,1594148400
2020-07-07 19:30:00+00:00,0.7071429,0.9463069,0.7404893,0.8933654,0.75599635,0.15854524,0.7171217,1594150100
2020-07-07 20:00:00+00:00,0.81542975,0.9284009,0.95590675,0.023603452,0,0.14845076,0.7276023,1594152000
2020-07-07 20:30:00+00:00,0.78289515,0.93227047,0.96249986,0.9062598,0.8398572,0.14688796,0.7030749,1594153900
2020-07-07 21:00:00+00:00,0.7513317,0.9299044,0.9578539,0.90507686,0.8352113,0.15073404,0.7007422,1594155600
2020-07-07 21:30:00+00:00,0.70216554,0.9252051,0.95299846,0.90038985,0.8320976,0.15437213,0.7211645,1594157400
2020-07-07 22:00:00+00:00,0.69773453,0.9298058,0.9571022,0.90480167,0.834098,0.16997571,0.72937053,1594159200
2020-07-07 22:30:00+00:00,0.6897829,0.9296703,0.9573734,0.90454274,0.83380634,0.14223696,0.64169997,1594161000
2020-07-07 23:00:00+00:00,0.6817707,0.93064386,0.9555863,0.9026819,0.8325371,0.15404753,0.7009379,1594162800
2020-07-07 23:30:00+00:00,0.6539706,0.93376166,0.96280384,0.9091147,0.8387481,0.169661,0.70097387,1594164600
2020-07-08 00:00:00+00:00,0.6335757,0.92949766,0.95816207,0.9063707,0.83467317,0.16716671,0.69395787,1594166400
2020-07-08 00:30:00+00:00,0.62799144,0.9257761,0.9537379,0.9037049,0.8315512,0.16684757,0.7193176,1594168200
2020-07-08 01:00:00+00:00,0.6350325,0.93318856,0.9637937,0.91177654,0.8401407,0.16493416,0.7302914,1594170000
2020-07-08 01:30:00+00:00,0.6110564,0.9341313,0.9629927,0.9111111,0.8377889,0.16779016,0.7051183,1594171800
2020-07-08 02:00:00+00:00,0.59302884,0.9319008,0.96033084,0.9067712,0.8346321,0.17280856,0.6918543,1594173600
2020-07-08 02:30:00+00:00,0.5950926,0.9334782,0.9615242,0.90725404,0.8345212,0.17879643,0.7158939,1594175400
2020-07-08 03:00:00+00:00,0.59090436,0.9259116,0.9535653,0.903064,0.82996553,0.18051945,0.7338029,1594177200
2020-07-08 03:30:00+00:00,0.5717842,0.927489,0.95408297,0.9037418,0.8312185,0.2106103,0.7424104,1594179000
2020-07-08 04:00:00+00:00,0.57057023,0.9296332,0.956794,0.9058964,0.83453345,0.20202741,0.7335825,1594180900
2020-07-08 04:30:00+00:00,0.57846105,0.93195003,0.9604213,0.9088806,0.8352482,0.18218197,0.7064231,1594182700
2020-07-08 05:00:00+00:00,0.5711772,0.9349323,0.96008444,0.90263265,0.8195605,0.16535057,0.70129126,1594184400
2020-07-08 05:30:00+00:00,0.55448496,0.93558544,0.96229035,0.901922,0.81449556,0.14204545,0.6591108,1594186200
2020-07-08 06:00:00+00:00,0.5589767,0.9325992,0.96210754,0.8990487,0.8128279,0.12584418,0.72045934,1594188000
2020-07-08 06:30:00+00:00,0.5558811,0.93031114,0.9591869,0.896779,0.80752045,0.12891631,0.7178335,1594189800
2020-07-08 07:00:00+00:00,0.5426487,0.9355609,0.96270937,0.8995026,0.8120926,0.14134997,0.68111765,1594191600
2020-07-08 07:30:00+00:00,0.5283237,0.93240595,0.96095943,0.8978266,0.8090857,0.14592959,0.69863844,1594193400
2020-07-08 08:00:00+00:00,0.5334224,0.9316667,0.9588275,0.89488125,0.80524075,0.15613765,0.7316691,1594195200
2020-07-08 08:30:00+00:00,0.53876394,0.9326772,0.9612715,0.89818394,0.8098189,0.15022434,0.738953,1594197000
2020-07-08 09:00:00+00:00,0.5273525,0.93553627,0.9637568,0.9014414,0.81289357,0.14311868,0.682705,1594198800
2020-07-08 09:30:00+00:00,0.5186119,0.9393072,0.9662091,0.9037787,0.8138178,0.14779152,0.6931768,1594200600
2020-07-08 10:00:00+00:00,0.5153342,0.9318514,0.95787853,0.8967667,0.8069167,0.15591292,0.66884273,1594202400
2020-07-08 10:30:00+00:00,0.5176205,0.93106276,0.9584577,0.89700085,0.8085558,0.16681567,0.70775485,1594204200
2020-07-08 11:00:00+00:00,0.49773145,0.9347332,0.9587104,0.8990712,0.8089173,0.18924332,0.7150284,1594206000
2020-07-08 11:30:00+00:00,0.4934825,0.93449074,0.9614894,0.90177,0.8111949,0.20396762,0.755614,1594207700
2020-07-08 12:00:00+00:00,0.49724585,0.9321349,0.9626477,0.8994409,0.8110327,0.21236593,0.75382644,1594209500
2020-07-08 12:30:00+00:00,0.51047826,0.9343532,0.96068823,0.89897263,0.8097635,0.24759535,0.7221538,1594211500
2020-07-08 13:00:00+00:00,0.5120564,0.9330099,0.9615755,0.89932996,0.8092089,0.27401125,0.7023632,1594213200
2020-07-08 13:30:00+00:00,0.49032617,0.933355,0.9596696,0.8927308,0.79735583,0.2840271,0.8080847,1594215000
2020-07-08 14:00:00+00:00,0.49044758,0.9313832,0.9603063,0.89336747,0.7963925,0.2849948,0.8085694,1594216800
2020-07-08 14:30:00+00:00,0.49748865,0.92883223,0.9553461,0.891369,0.7938107,0.2838994,0.7959024,1594218600
2020-07-08 15:00:00+00:00,0.49311835,0.93261546,0.95732397,0.8930595,0.79665333,0.2842186,0.80625814,1594220400
2020-07-08 15:30:00+00:00,0.47806498,0.93561006,0.9611443,0.89606434,0.798278,0.28454286,0.8074643,1594222200
2020-07-08 16:00:00+00:00,0.48996195,0.9358648,0.962734,0.89741987,0.7993625,0.28186893,0.80418146,1594224000
2020-07-08 16:30:00+00:00,0.48996195,0.9365693,0.96368694,0.89793754,0.8005435,0.28181398,0.7837687,1594225800
2020-07-08 17:00:00+00:00,0.47284487,0.9365221,0.965975,0.89609706,0.8001163,0.28385413,0.80886626,1594227600
2020-07-08 17:30:00+00:00,0.4764868,0.9365159,0.96244234,0.89806074,0.79921466,0.27602845,0.760362,1594229400
2020-07-08 18:00:00+00:00,0.47976455,0.93702734,0.9634241,0.8984366,0.80033606,0.2590203,0.79067856,1594231200
2020-07-08 18:30:00+00:00,0.45973387,0.93789,0.96447563,0.89938146,0.8016176,0.24348822,0.78649235,1594233000
2020-07-08 19:00:00+00:00,0.46240464,0.9283702,0.9566093,0.9018194,0.81940234,0.21488762,0.7353818,1594234800
2020-07-08 19:30:00+00:00,0.4717523,0.92883223,0.95790315,0.9071183,0.8345089,0.19056433,0.7541852,1594236500
2020-07-08 20:00:00+00:00,0.45896503,0.93124557,0.9586549,0.91176426,0.8371501,0.19176942,0.71373695,1594238500
2020-07-08 20:30:00+00:00,0.45817596,0.93303454,0.9596531,0.9131773,0.8386249,0.19911896,0.70273185,1594240300
2020-07-08 21:00:00+00:00,0.46586448,0.9319623,0.9598545,0.9103347,0.8364744,0.19362874,0.741939,1594242000
2020-07-08 21:30:00+00:00,0.45722502,0.92985505,0.95736086,0.90856016,0.83559334,0.19892745,0.7015522,1594243800
2020-07-08 22:00:00+00:00,0.4489295,0.93246764,0.95620257,0.90965694,0.83396035,0.21584485,0.7044007,1594245600
2020-07-08 22:30:00+00:00,0.45936972,0.93234444,0.9576238,0.9096509,0.83640665,0.18526554,0.7249603,1594247400
2020-07-08 23:00:00+00:00,0.4660466,0.9305411,0.957743,0.9089423,0.8340529,0.17811541,0.6992355,1594249200
2020-07-08 23:30:00+00:00,0.4482011,0.9286023,0.9577061,0.9085726,0.83540845,0.18606324,0.7278689,1594251000
2020-07-09 00:00:00+00:00,0.44164562,0.93243074,0.9604295,0.9099282,0.8378608,0.18181819,0.4548263,1594252800
2020-07-09 00:30:00+00:00,0.45160022,0.92828995,0.9571022,0.9078209,0.83337516,0.19318181,0.4548263,1594254600
2020-07-09 01:00:00+00:00,0.4526928,0.9315681,0.95784163,0.91028553,0.83638203,0.20454545,0.4548263,1594256400
2020-07-09 01:30:00+00:00,0.4353329,0.9296086,0.95688033,0.9096941,0.83638203,0.2159091,0.4548263,1594258200
2020-07-09 02:00:00+00:00,0.44443777,0.93340415,0.96001047,0.91001445,0.83580273,0.22727273,0.4548263,1594260000
2020-07-09 02:30:00+00:00,0.44480196,0.9316296,0.95948064,0.91130835,0.8366531,0.22727273,0.4548263,1594261800
2020-07-09 03:00:00+00:00,0.42671368,0.9264785,0.9546252,0.9036801,0.82923436,0.22727273,0.4548263,1594263600
2020-07-09 03:30:00+00:00,0.44358796,0.9281175,0.9568926,0.90665007,0.8319702,0.22727273,0.4548263,1594265300
2020-07-09 04:00:00+00:00,0.4297486,0.928364,0.95596844,0.9083631,0.8326726,0.22727273,0.4548263,1594267100
2020-07-09 04:30:00+00:00,0.42877743,0.9334782,0.95916027,0.91186285,0.8379594,0.18181819,0.43160298,1594269000
2020-07-09 05:00:00+00:00,0.43800366,0.94077367,0.9678605,0.89648336,0.7923134,0.1590909,0.40837967,1594270800
2020-07-09 05:30:00+00:00,0.4485653,0.93687946,0.96338713,0.8873393,0.7727316,0.13636364,0.40837967,1594272600
2020-07-09 06:00:00+00:00,0.4354543,0.9373477,0.9648659,0.8880665,0.7728425,0.13636364,0.40837967,1594274400
2020-07-09 06:30:00+00:00,0.4296272,0.93744636,0.96640635,0.88897836,0.77444446,0.13636364,0.40837967,1594276200
2020-07-09 07:00:00+00:00,0.4370325,0.9380501,0.9656917,0.8889414,0.7739393,0.13636364,0.40837967,1594278000
2020-07-09 07:30:00+00:00,0.44540897,0.93765587,0.9619453,0.88671076,0.7726453,0.13636364,0.40837967,1594279800
2020-07-09 08:00:00+00:00,0.42634946,0.94050246,0.96869856,0.89101166,0.7761821,0.13636364,0.43160298,1594281600
2020-07-09 08:30:00+00:00,0.4268351,0.9378654,0.96755236,0.8909994,0.77450615,0.13636364,0.40837967,1594283400
2020-07-09 09:00:00+00:00,0.43339056,0.9377668,0.9646318,0.88974243,0.7750361,0.13636364,0.85331714,1594285200
2020-07-09 09:30:00+00:00,0.42622808,0.93653446,0.9652603,0.888818,0.77405024,0.13636364,0.40837967,1594287000
2020-07-09 10:00:00+00:00,0.41032496,0.93687946,0.9597025,0.8861316,0.77213997,0.18181819,0.43160298,1594288800
2020-07-09 10:30:00+00:00,0.42270753,0.93862945,0.96458256,0.8873887,0.7729534,0.18181819,0.4199913,1594290600
2020-07-09 11:00:00+00:00,0.43181238,0.9361031,0.9630298,0.8860947,0.771832,0.18181819,0.40837967,1594292400
2020-07-09 11:30:00+00:00,0.4182158,0.9430042,0.9676018,0.8933039,0.77702004,0.18181819,0.43160298,1594294100
2020-07-09 12:00:00+00:00,0.40753278,0.9356841,0.9658887,0.88794327,0.7713513,0.18181819,0.43160298,1594296000
2020-07-09 12:30:00+00:00,0.41712323,0.9361277,0.9617727,0.9014373,0.8067441,0.18181819,0.43160298,1594297900
2020-07-09 13:00:00+00:00,0.42173636,0.9342299,0.96337485,0.9049987,0.8174778,0.18181819,0.43160298,1594299600
2020-07-09 13:30:00+00:00,0.4009773,0.93406963,0.96249986,0.9060586,0.81576496,0.18181819,0.43160298,1594301400
2020-07-09 14:00:00+00:00,0.40559042,0.936214,0.9613571,0.9066747,0.8172931,0.18181819,0.43160298,1594303200
2020-07-09 14:30:00+00:00,0.42161494,0.9363741,0.9630667,0.9082768,0.81825423,0.18181819,0.43160298,1594305000
2020-07-09 15:00:00+00:00,0.4126315,0.93750787,0.964336,0.90761137,0.817749,0.18181819,0.43160298,1594306800
2020-07-09 15:30:00+00:00,0.39769956,0.934846,0.96337485,0.90554094,0.8151981,0.18181819,0.43160298,1594308600
2020-07-09 16:00:00+00:00,0.40874678,0.9389251,0.9639663,0.90791947,0.81734234,0.18181819,0.43160298,1594310400
2020-07-09 16:30:00+00:00,0.40692583,0.9307671,0.9599366,0.90211505,0.81338644,0.18181819,0.43160298,1594312200
2020-07-09 17:00:00+00:00,0.39345062,0.9366454,0.9645455,0.9078701,0.81734234,0.18181819,0.43160298,1594314000
2020-07-09 17:30:00+00:00,0.39709255,0.9349817,0.9626971,0.9066132,0.81806946,0.18181819,0.43160298,1594315800
2020-07-09 18:00:00+00:00,0.4063188,0.9318762,0.9607745,0.9039267,0.81543225,0.18181819,0.40837967,1594317600
2020-07-09 18:30:00+00:00,0.39964193,0.9307917,0.9556849,0.90126485,0.8108972,0.18181819,0.40837967,1594319400
2020-07-09 19:00:00+00:00,0.38993007,0.9337494,0.96139073,0.90634197,0.81449556,0.18181819,0.40837967,1594321200
2020-07-09 19:30:00+00:00,0.4009773,0.9280189,0.957817,0.90205353,0.8127581,0.18181819,0.40837967,1594323000
2020-07-09 20:00:00+00:00,0.41335988,0.93394643,0.9615263,0.9049126,0.8139041,0.13636364,0.40755025,1594324700
2020-07-09 20:30:00+00:00,0.4009773,0.93445176,0.961514,0.9071554,0.8159128,0.13636364,0.4090834,1594326700
2020-07-09 21:00:00+00:00,0.3901729,0.9340821,0.9600352,0.9047769,0.8160483,0.13636364,0.4161208,1594328400
2020-07-09 21:30:00+00:00,0.39794236,0.9340081,0.96135366,0.90592307,0.81550604,0.13636364,0,1594330200
2020-07-09 22:00:00+00:00,0.40716863,0.93658364,0.9635473,0.90718,0.8170465,0.13636364,0.40837967,1594332000
2020-07-09 22:30:00+00:00,0.38823053,0.92958397,0.95727473,0.90345824,0.8126718,0.13636364,0.41501492,1594333800
2020-07-09 23:00:00+00:00,0.37961125,0.93503094,0.9622164,0.9058983,0.8167508,0.13636364,0.4304971,1594335600
2020-07-09 23:30:00+00:00,0.38689515,0.9319377,0.9596654,0.9056396,0.8133126,0.13636364,0.40837967,1594337400
2020-07-10 00:00:00+00:00,0.39867076,0.9360908,0.9648167,0.90681034,0.8171451,0.13636364,0.40837967,1594339200
2020-07-10 00:30:00+00:00,0.4004917,0.9303604,0.9596408,0.90562725,0.81476676,0.13636364,0.4078396,1594341000
2020-07-10 01:00:00+00:00,0.3848314,0.9380378,0.96750313,0.9098173,0.81906766,0.13636364,0.40805712,1594342800
2020-07-10 01:30:00+00:00,0.37985405,0.9319254,0.9576321,0.90475225,0.8139533,0.13636364,0.40837967,1594344600
2020-07-10 02:00:00+00:00,0.38555977,0.9320857,0.9584085,0.90269434,0.81280726,0.13636364,0.38515636,1594346400
2020-07-10 02:30:00+00:00,0.39721397,0.9288076,0.95833445,0.9029654,0.81023175,0.13636364,0.3856842,1594348200
2020-07-10 03:00:00+00:00,0.37912568,0.92912805,0.9551921,0.90177,0.81051505,0.13636364,0.40789583,1594350000
2020-07-10 03:30:00+00:00,0.38288903,0.9328373,0.9598872,0.90681034,0.8138424,0.13636364,0.40837967,1594351700
2020-07-10 04:00:00+00:00,0.3892017,0.9368424,0.961514,0.90779626,0.8143969,0.13636364,0.38515636,1594353700
2020-07-10 04:30:00+00:00,0.39733538,0.9381981,0.96423733,0.90731555,0.81592506,0.13636364,0.38515636,1594355500
2020-07-10 05:00:00+00:00,0.38725936,0.93533903,0.9597148,0.90641594,0.8149392,0.09090909,0.38381657,1594357200
2020-07-10 05:30:00+00:00,0.37402695,0.930804,0.95911086,0.9031872,0.8120678,0.09090909,0.38247675,1594359000
2020-07-10 06:00:00+00:00,0.4095966,0.9310504,0.9578908,0.90404993,0.8120678,0.045454547,0.36294276,1594360800
2020-07-10 06:30:00+00:00,0.6211932,0.9318145,0.95742255,0.9063913,0.8152967,0.09090909,0.38205993,1594362600
2020-07-10 07:00:00+00:00,0.5892654,0.9300522,0.9585809,0.9017331,0.8110821,0.13636364,0.40974578,1594364400
2020-07-10 07:30:00+00:00,0.56219375,0.93754494,0.9627709,0.91060597,0.81806946,0.20749162,0.43160298,1594366200
2020-07-10 08:00:00+00:00,0.5613439,0.93317,0.961933,0.9067856,0.8141628,0.2674825,0.4548263,1594368000
2020-07-10 08:30:00+00:00,0.546412,0.9297441,0.9566339,0.9028791,0.810244,0.27272728,0.4770399,1594369800
2020-07-10 09:00:00+00:00,0.5181263,0.93122303,0.95792794,0.90226305,0.80975115,0.30861247,0.49234086,1594371600
2020-07-10 09:30:00+00:00,0.52103984,0.9285735,0.95626426,0.901499,0.8093444,0.33612442,0.49718142,1594373400
2020-07-10 10:00:00+00:00,0.51448435,0.92931294,0.95725,0.90153587,0.81072456,0.36363637,0.5020221,1594375200
2020-07-10 10:30:00+00:00,0.49578905,0.9266634,0.9554508,0.90217674,0.80866665,0.4090909,0.5244962,1594377000
2020-07-10 11:00:00+00:00,0.5116922,0.93763125,0.96323913,0.9108155,0.81650424,0.4090909,0.53864133,1594378800
2020-07-10 11:30:00+00:00,0.4995524,0.9338972,0.9605281,0.9066378,0.8132017,0.45454547,0.5527864,1594380500
2020-07-10 12:00:00+00:00,0.48097852,0.93007684,0.9576567,0.90411144,0.80965257,0.5,0.5860885,1594382300
2020-07-10 12:30:00+00:00,0.4876554,0.934846,0.9647919,0.9086342,0.8140273,0.5,0.5901273,1594384300
2020-07-10 13:00:00+00:00,0.48194972,0.9319748,0.9604295,0.9099282,0.81465584,0.5,0.59416616,1594386000
2020-07-10 13:30:00+00:00,0.46094787,0.92800665,0.9564613,0.90520823,0.81214184,0.54545456,0.6119251,1594387800
2020-07-10 14:00:00+00:00,0.46216184,0.9327264,0.9638431,0.90545464,0.8116119,0.54545456,0.61026764,1594389600
2020-07-10 14:30:00+00:00,0.4719951,0.93243074,0.9592464,0.90454274,0.81141484,0.49197865,0.57166857,1594391400
2020-07-10 15:00:00+00:00,0.46896014,0.93403274,0.961859,0.90768534,0.8164796,0.42568544,0.54771954,1594393200
2020-07-10 15:30:00+00:00,0.44504476,0.930533,0.95914793,0.90541774,0.8099482,0.36363637,0.5244962,1594395000
2020-07-10 16:00:00+00:00,0.45135745,0.9309395,0.9585809,0.9037787,0.80902404,0.36363637,0.51288456,1594396800
2020-07-10 16:30:00+00:00,0.45912692,0.9311121,0.95877814,0.9045799,0.8097018,0.36363637,0.5012729,1594398600
2020-07-10 17:00:00+00:00,0.43861067,0.92721796,0.9546375,0.9010182,0.8075576,0.36363637,0.5012729,1594400400
2020-07-10 17:30:00+00:00,0.43933904,0.92743975,0.9536762,0.90063626,0.8057213,0.3181818,0.5012729,1594402200
2020-07-10 18:00:00+00:00,0.44832247,0.92910343,0.9599118,0.9038773,0.80987436,0.3282828,0.5012729,1594404000
2020-07-10 18:30:00+00:00,0.43290493,0.93195003,0.95702815,0.90637904,0.81216645,0.36363637,0.5244962,1594405800
2020-07-10 19:00:00+00:00,0.44116,0.93457496,0.9615755,0.90833837,0.813214,0.36363637,0.5244962,1594407600
2020-07-10 19:30:00+00:00,0.44188842,0.9307423,0.9618221,0.90716773,0.8116119,0.36363637,0.51288456,1594409300
2020-07-10 20:00:00+00:00,0.42634946,0.9346242,0.96320224,0.9094228,0.8146682,0.36363637,0.5012729,1594411300
2020-07-10 20:30:00+00:00,0.4240429,0.9318391,0.95932037,0.90596,0.8103426,0.3181818,0.48694363,1594413000
2020-07-10 21:00:00+00:00,0.44358796,0.93835825,0.96667737,0.91128373,0.816036,0.27272728,0.4548263,1594414800
2020-07-10 21:30:00+00:00,0.4314482,0.9342914,0.96449625,0.9103347,0.8146682,0.22727273,0.44321463,1594416600
2020-07-10 22:00:00+00:00,0.41493806,0.93802553,0.9637199,0.9102115,0.815309,0.22727273,0.43160298,1594418400
2020-07-10 22:30:00+00:00,0.42634946,0.9389745,0.9656423,0.91067994,0.81480366,0.18181819,0.4282854,1594420200
2020-07-10 23:00:00+00:00,0.42719924,0.9377422,0.9673306,0.9114686,0.8143108,0.18181819,0.40837967,1594422000
2020-07-10 23:30:00+00:00,0.406683,0.93341666,0.95939434,0.9071554,0.81159955,0.13636364,0.40837967,1594423800
2020-07-11 00:00:00+00:00,0.41554505,0.9361277,0.9641512,0.91122204,0.81592506,0.13636364,0.38515636,1594425600
2020-07-11 00:30:00+00:00,0.42853463,0.93835825,0.96673906,0.9139825,0.81784767,0.13636364,0.38515636,1594427400
2020-07-11 01:00:00+00:00,0.41578785,0.9349817,0.9639786,0.9119984,0.8174778,0.09090909,0.38515636,1594429200
2020-07-11 01:30:00+00:00,0.40158427,0.9393687,0.9650508,0.91095096,0.8150378,0.09090909,0.38515636,1594431000
2020-07-11 02:00:00+00:00,0.40376946,0.9277725,0.9574472,0.9028914,0.8071631,0.09090909,0.36193305,1594432800
2020-07-11 02:30:00+00:00,0.41639486,0.9326032,0.9598749,0.90656376,0.81129146,0.045454547,0.33870974,1594434600
2020-07-11 03:00:00+00:00,0.40996075,0.9328004,0.96029395,0.90674865,0.8116366,0.045454547,0.33870974,1594436400
2020-07-11 03:30:00+00:00,0.3910227,0.93321943,0.9581373,0.9068227,0.8109341,0.045454547,0.33870974,1594438100
2020-07-11 04:00:00+00:00,0.39466462,0.9341436,0.9638677,0.90889287,0.81222814,0.045454547,0.33870974,1594440000
2020-07-11 04:30:00+00:00,0.40401223,0.9312353,0.95593154,0.90429634,0.8092089,0.045454547,0.33870974,1594441900
2020-07-11 05:00:00+00:00,0.40376946,0.9356472,0.96630776,0.91064286,0.81259775,0.045454547,0.34627083,1594443600
2020-07-11 05:30:00+00:00,0.3910227,0.93128455,0.9599489,0.90581214,0.81047815,0.09090909,0.36193305,1594445400
2020-07-11 06:00:00+00:00,0.40583324,0.9329236,0.9611812,0.90510964,0.80844486,0.13636364,0.38515636,1594447200
2020-07-11 06:30:00+00:00,0.417973,0.931679,0.9605158,0.9060955,0.8110696,0.18181819,0.40837967,1594449000
2020-07-11 07:00:00+00:00,0.4111747,0.93917155,0.9671458,0.915412,0.8191415,0.22727273,0.44205344,1594450800
2020-07-11 07:30:00+00:00,0.38653094,0.9306068,0.9588521,0.90519595,0.8087405,0.27272728,0.4548263,1594452600
2020-07-11 08:00:00+00:00,0.39854935,0.9339835,0.96025705,0.9069951,0.8113654,0.27272728,0.46643794,1594454400
2020-07-11 08:30:00+00:00,0.41166034,0.9327758,0.9616126,0.9089915,0.81031805,0.3181818,0.4780496,1594456200
2020-07-11 09:00:00+00:00,0.4003703,0.93249226,0.9608116,0.9075127,0.8089377,0.36046514,0.5060777,1594458000
2020-07-11 09:30:00+00:00,0.3838602,0.93116134,0.957398,0.9040868,0.80715084,0.4090909,0.5244962,1594459800
2020-07-11 10:00:00+00:00,0.39915636,0.93127227,0.96208084,0.9082151,0.8084941,0.4090909,0.5244962,1594461600
2020-07-11 10:30:00+00:00,0.40510482,0.9326278,0.9611319,0.9080673,0.80972636,0.45454547,0.54771954,1594463400
2020-07-11 11:00:00+00:00,0.39442185,0.93839514,0.96867377,0.9132801,0.81507486,0.45588234,0.5696527,1594465200
2020-07-11 11:30:00+00:00,0.3787615,0.9393441,0.96427447,0.9109756,0.8129428,0.5,0.5709428,1594467000
2020-07-11 12:00:00+00:00,0.39757818,0.93960285,0.9689204,0.9132432,0.81428605,0.5,0.5709428,1594468900
2020-07-11 12:30:00+00:00,0.39381483,0.93758184,0.9682918,0.9139702,0.8150501,0.53321683,0.59549314,1594470700
2020-07-11 13:00:00+00:00,0.37366277,0.9336508,0.9633008,0.9086529,0.80935675,0.59090906,0.62771094,1594472400
2020-07-11 13:30:00+00:00,0.3732986,0.93658364,0.96582717,0.9114686,0.8118214,0.6136364,0.6406127,1594474200
2020-07-11 14:00:00+00:00,0.38665235,0.9334413,0.9615263,0.90864646,0.80854344,0.6363636,0.6406127,1594476000
2020-07-11 14:30:00+00:00,0.38434577,0.93775445,0.9662091,0.91192454,0.81368226,0.65909094,0.66383606,1594477800
2020-07-11 15:00:00+00:00,0.3658933,0.9405149,0.96765095,0.9118506,0.8124868,0.6818182,0.66383606,1594479600
2020-07-11 15:30:00+00:00,0.36370814,0.9360785,0.96301734,0.90904087,0.80923355,0.6363636,0.65183735,1594481400
2020-07-11 16:00:00+00:00,0.38058245,0.93333036,0.9613414,0.90679806,0.808223,0.59090906,0.61738944,1594483200
2020-07-11 16:30:00+00:00,0.36710727,0.93006456,0.9574472,0.90462905,0.8071385,0.59090906,0.61738944,1594485000
2020-07-11 17:00:00+00:00,0.37475538,0.9406381,0.9676264,0.91483283,0.8133618,0.5681818,0.61738944,1594486800
2020-07-11 17:30:00+00:00,0.38604537,0.9364728,0.964299,0.90944743,0.81035495,0.54545456,0.61738944,1594488600
2020-07-11 18:00:00+00:00,0.36989945,0.9309026,0.9579402,0.9055163,0.80461216,0.59090906,0.6345919,1594490400
2020-07-11 18:30:00+00:00,0.35678846,0.9338232,0.9605158,0.9104704,0.809973,0.59090906,0.6406127,1594492200
2020-07-11 19:00:00+00:00,0.3673501,0.93406963,0.9650014,0.91088927,0.8113408,0.54734844,0.6040484,1594494000
2020-07-11 19:30:00+00:00,0.37706193,0.93956596,0.9669855,0.9113206,0.8110944,0.5,0.5874956,1594495700
2020-07-11 20:00:00+00:00,0.3555745,0.9337369,0.9609471,0.9096693,0.807878,0.46527776,0.5709428,1594497500
2020-07-11 20:30:00+00:00,0.34780502,0.9350803,0.96327627,0.9112345,0.8092089,0.43055552,0.55642825,1594499500
2020-07-11 21:00:00+00:00,0.35848805,0.9349446,0.9639417,0.91251606,0.81247455,0.36363637,0.51427794,1594501200
2020-07-11 21:30:00+00:00,0.36977807,0.9390854,0.96740454,0.913391,0.8109587,0.3181818,0.4780496,1594503000
2020-07-11 22:00:00+00:00,0.35326794,0.93996036,0.96619684,0.91242975,0.81172276,0.27272728,0.46669596,1594504800
2020-07-11 22:30:00+00:00,0.35933784,0.935721,0.96335006,0.9077592,0.8088514,0.22727273,0.43160298,1594506600
2020-07-11 23:00:00+00:00,0.36807847,0.9338109,0.9639046,0.9091147,0.8094677,0.18181819,0.4199913,1594508400
2020-07-11 23:30:00+00:00,0.35096136,0.93317,0.9629064,0.9103224,0.808679,0.18181819,0.40837967,1594510200
2020-07-12 00:00:00+00:00,0.34404168,0.9389128,0.9659258,0.9119738,0.81147635,0.13636364,0.40837967,1594512000
2020-07-12 00:30:00+00:00,0.3488976,0.9354746,0.96316534,0.9113329,0.80914724,0.13636364,0.38515636,1594513800
2020-07-12 01:00:00+00:00,0.35909504,0.9361277,0.96358436,0.91282415,0.81178445,0.09090909,0.36483598,1594515600
2020-07-12 01:30:00+00:00,0.35181114,0.93220896,0.96231496,0.9107538,0.80965257,0.09090909,0.36193305,1594517400
2020-07-12 02:00:00+00:00,0.33602944,0.93424225,0.9619453,0.9114438,0.8097018,0.045454547,0.36193305,1594519200
2020-07-12 02:30:00+00:00,0.34477007,0.93453807,0.9627463,0.91116047,0.8090363,0.045454547,0.33870974,1594521000
2020-07-12 03:00:00+00:00,0.35338932,0.9310504,0.96023226,0.9069582,0.8045999,0,0.31631583,1594522800
2020-07-12 03:30:00+00:00,0.36249417,0.93557316,0.96123046,0.91003907,0.8098004,0,0.31548643,1594524500
2020-07-12 04:00:00+00:00,0.34379888,0.93702734,0.9626723,0.91145635,0.8100468,0,0.31548643,1594526500
2020-07-12 04:30:00+00:00,0.3445273,0.93236905,0.9630544,0.9102363,0.8069907,0,0.31548643,1594528300
2020-07-12 05:00:00+00:00,0.34574124,0.9313832,0.96010906,0.9053931,0.8039221,0,0.31548643,1594530000
2020-07-12 05:30:00+00:00,0.60855556,0.9411187,0.96724445,0.9043086,0.7859792,0,0.3361991,1594531800
2020-07-12 06:00:00+00:00,0.6006769,0.9411556,0.9699678,0.9048509,0.7852891,0.045454547,0.36338452,1594533600
2020-07-12 06:30:00+00:00,0.57858247,0.94355875,0.9687601,0.90677327,0.78814816,0.11038962,0.3942934,1594535400
2020-07-12 07:00:00+00:00,0.57093436,0.94159925,0.9713481,0.9059969,0.7873595,0.20743804,0.4407264,1594537200
2020-07-12 07:30:00+00:00,0.5547885,0.93750787,0.9678482,0.90404993,0.7863613,0.2833656,0.47994536,1594539000
2020-07-12 08:00:00+00:00,0.5342722,0.9430042,0.9690682,0.90901625,0.78883827,0.3545454,0.5244962,1594540800
2020-07-12 08:30:00+00:00,0.5371858,0.94172245,0.9678851,0.9049741,0.7851905,0.4090909,0.54771954,1594542600
2020-07-12 09:00:00+00:00,0.5286879,0.93726146,0.96383077,0.90248483,0.7842663,0.45454547,0.56895226,1594544400
2020-07-12 09:30:00+00:00,0.5045297,0.9381364,0.9658641,0.9038281,0.7830463,0.5384615,0.60323775,1594546200
2020-07-12 10:00:00+00:00,0.5070791,0.9409092,0.96401554,0.90454274,0.78669405,0.6025974,0.6406127,1594548000
2020-07-12 10:30:00+00:00,0.51594114,0.94307816,0.9681192,0.90732783,0.7882345,0.6418733,0.6590313,1594549800
2020-07-12 11:00:00+00:00,0.50198036,0.94495136,0.9735909,0.909349,0.78971326,0.7022264,0.6863556,1594551600
2020-07-12 11:30:00+00:00,0.48219252,0.9459125,0.9731596,0.9083631,0.7887766,0.72727275,0.7102827,1594553300
2020-07-12 12:00:00+00:00,0.4891122,0.93754494,0.9663817,0.9049618,0.784106,0.77272725,0.7102827,1594555100
2020-07-12 12:30:00+00:00,0.48425627,0.94135284,0.970091,0.9056642,0.7849318,0.79020983,0.725523,1594557000
2020-07-12 13:00:00+00:00,0.46956712,0.93817335,0.9647181,0.9022507,0.78130865,0.8857809,0.7769235,1594558800
2020-07-12 13:30:00+00:00,0.4603409,0.9420552,0.9681317,0.90679806,0.7846853,0.95454544,0.82031685,1594560600
2020-07-12 14:00:00+00:00,0.45791292,0.9374955,0.9641389,0.90317494,0.78064317,0.97727275,0.82639927,1594562400
2020-07-12 14:30:00+00:00,0.46908152,0.9388265,0.96416354,0.905159,0.7830832,1,0.82639927,1594564200
2020-07-12 15:00:00+00:00,0.4603409,0.9403669,0.9659135,0.9043949,0.7830463,1,0.82639927,1594566000
2020-07-12 15:30:00+00:00,0.44722992,0.9369904,0.9673553,0.90453047,0.7840937,0.95454544,0.82639927,1594567800
2020-07-12 16:00:00+00:00,0.43836787,0.94465554,0.9731842,0.90825224,0.78833294,0.95454544,0.82639927,1594569600
2020-07-12 16:30:00+00:00,0.4296272,0.9382473,0.9658887,0.9033474,0.78260267,0.939394,0.82639927,1594571400
2020-07-12 17:00:00+00:00,0.45050764,0.9380378,0.96427447,0.9027928,0.78122234,0.9242424,0.8031759,1594573200
2020-07-12 17:30:00+00:00,0.4468657,0.93923324,0.9658149,0.9037787,0.7830709,0.90909094,0.8031759,1594575000
2020-07-12 18:00:00+00:00,0.431691,0.9399479,0.9654574,0.90404993,0.78315717,0.90909094,0.8031759,1594576800
2020-07-12 18:30:00+00:00,0.42732066,0.9402068,0.968415,0.9075127,0.7861764,0.90909094,0.8031759,1594578600
2020-07-12 19:00:00+00:00,0.41056776,0.9369533,0.9648536,0.90172076,0.78074175,0.8636364,0.77995265,1594580400
2020-07-12 19:30:00+00:00,0.4309626,0.9411927,0.96879715,0.90958315,0.788222,0.8181818,0.745518,1594582100
2020-07-12 20:00:00+00:00,0.4236787,0.9384692,0.9664556,0.90462905,0.78164136,0.77272725,0.73350596,1594584000
2020-07-12 20:30:00+00:00,0.41663763,0.94129133,0.96929,0.9080181,0.785782,0.72727275,0.7102827,1594585900
2020-07-12 21:00:00+00:00,0.41590926,0.9472928,0.9761911,0.91454935,0.7919437,0.6618929,0.67625785,1594587600
2020-07-12 21:30:00+00:00,0.4253783,0.93975085,0.9678728,0.90517133,0.78367466,0.59090906,0.6406127,1594589400
2020-07-12 22:00:00+00:00,0.4061974,0.93650967,0.96495223,0.9018932,0.7787577,0.59090906,0.6290011,1594591200
2020-07-12 22:30:00+00:00,0.41105333,0.9470216,0.9739852,0.91045815,0.7880988,0.54545456,0.61738944,1594593000
2020-07-12 23:00:00+00:00,0.42295033,0.943226,0.9709783,0.9099651,0.78848094,0.5,0.59416616,1594594800
2020-07-12 23:30:00+00:00,0.41178173,0.9461589,0.97250646,0.9093242,0.78700197,0.5,0.5905997,1594596600
2020-07-13 00:00:00+00:00,0.3950288,0.94313973,0.9707688,0.90958315,0.78675556,0.47380587,0.5870333,1594598400
2020-07-13 00:30:00+00:00,0.40741137,0.94081056,0.9695365,0.9081165,0.7856588,0.46346152,0.5709849,1594600200
2020-07-13 01:00:00+00:00,0.40243408,0.936744,0.96432364,0.9048878,0.7823314,0.43162555,0.55760914,1594602000
2020-07-13 01:30:00+00:00,0.38993007,0.944828,0.9720011,0.90980494,0.7864105,0.40204257,0.5535253,1594603800
2020-07-13 02:00:00+00:00,0.3964856,0.9448774,0.97290087,0.910076,0.78600377,0.3965311,0.54031366,1594605600
2020-07-13 02:30:00+00:00,0.40194848,0.9403669,0.96746624,0.9047892,0.78173995,0.3811344,0.5309562,1594607400
2020-07-13 03:00:00+00:00,0.3838602,0.9369041,0.96539587,0.9055533,0.7814812,0.35227272,0.53018475,1594609200
2020-07-13 03:30:00+00:00,0.38677374,0.93424225,0.96259844,0.9006732,0.7797805,0.35210437,0.51894283,1594611000
2020-07-13 04:00:00+00:00,0.399644,0.9355349,0.9637388,0.9021511,0.7804837,0.33813277,0.5087137,1594612700
2020-07-13 04:30:00+00:00,0.3836174,0.9404286,0.9703251,0.90646535,0.7840199,0.3296807,0.51235676,1594614700
2020-07-13 05:00:00+00:00,0.37357685,0.94688606,0.9435123,0.9109387,0.7874456,0.33126718,0.51376516,1594616400
2020-07-13 05:30:00+00:00,1,0.9744536,0.27706966,0.93630034,0.8113039,0.332012,0.5125369,1594618200
2020-07-13 06:00:00+00:00,0.8507566,0.93639874,0.96550673,0.9075744,0.7859546,0.33014357,0.5161661,1594620000
2020-07-13 06:30:00+00:00,0.7882367,0.93415594,0.9635473,0.902189,0.7812963,0.3409729,0.5186904,1594621800
2020-07-13 07:00:00+00:00,0.77160513,0.9337246,0.9637814,0.9033474,0.78157985,0.34333506,0.5156891,1594623600
2020-07-13 07:30:00+00:00,0.73324347,0.9318639,0.9617235,0.9020041,0.78164136,0.34123194,0.51731443,1594625400
2020-07-13 08:00:00+00:00,0.7089638,0.93533903,0.96320224,0.90559036,0.78427863,0.3463662,0.52586234,1594627200
2020-07-13 08:30:00+00:00,0.7065359,0.934846,0.9614031,0.9043703,0.7833544,0.35812673,0.530055,1594629000
2020-07-13 09:00:00+00:00,0.6926965,0.9354746,0.9638185,0.9039267,0.7830955,0.3774064,0.5344331,1594630800
2020-07-13 09:30:00+00:00,0.6608903,0.93031114,0.95892614,0.8994409,0.77737755,0.4020345,0.56283236,1594632600
2020-07-13 10:00:00+00:00,0.66052604,0.93143255,0.96198225,0.90048844,0.777969,0.43002388,0.58346033,1594634400
2020-07-13 10:30:00+00:00,0.65045,0.9316173,0.9636828,0.9027436,0.780138,0.47381097,0.60575473,1594636200
2020-07-13 11:00:00+00:00,0.62884116,0.93641126,0.9629435,0.9048263,0.7824177,0.51875,0.63199764,1594638000
2020-07-13 11:30:00+00:00,0.61330223,0.93453807,0.96038026,0.9028545,0.7797313,0.53373206,0.64354557,1594639700
2020-07-13 12:00:00+00:00,0.6179154,0.93527734,0.9607499,0.90356916,0.7806309,0.5566933,0.6440843,1594641700
2020-07-13 12:30:00+00:00,0.6054114,0.934994,0.96559304,0.9052822,0.7817892,0.5598621,0.65244377,1594643500
2020-07-13 13:00:00+00:00,0.5954568,0.9320857,0.96162486,0.9017331,0.7777841,0.5578957,0.647734,1594645200
2020-07-13 13:30:00+00:00,0.5956996,0.93114907,0.95738566,0.89942855,0.77719265,0.53420454,0.6330542,1594647000
2020-07-13 14:00:00+00:00,0.57785404,0.9284872,0.9590985,0.89829487,0.776219,0.5487325,0.64557004,1594648800
2020-07-13 14:30:00+00:00,0.5624365,0.93461186,0.96243817,0.9048755,0.78109914,0.5315544,0.6464186,1594650600
2020-07-13 15:00:00+00:00,0.5753047,0.93775445,0.96358436,0.904814,0.78128403,0.51735723,0.6282604,1594652400
2020-07-13 15:30:00+00:00,0.58295274,0.93406963,0.96110725,0.9032242,0.7810005,0.5134645,0.62052935,1594654200
2020-07-13 16:00:00+00:00,0.5681423,0.9369287,0.9634858,0.9038896,0.7807541,0.5568182,0.62936395,1594656000
2020-07-13 16:30:00+00:00,0.5536959,0.9339218,0.9628203,0.9043456,0.7816291,0.5568182,0.6338721,1594657800
2020-07-13 17:00:00+00:00,0.5532103,0.93653446,0.96495223,0.91128373,0.7963185,0.5503247,0.6281669,1594659600
2020-07-13 17:30:00+00:00,0.5575806,0.933774,0.96125525,0.9089423,0.794507,0.5540909,0.62791544,1594661400
2020-07-13 18:00:00+00:00,0.5417989,0.9338972,0.9641389,0.9082399,0.79334867,0.5775547,0.6497932,1594663200
2020-07-13 18:30:00+00:00,0.5309945,0.9332317,0.96050346,0.9078947,0.7931021,0.57940936,0.64961505,1594665000
2020-07-13 19:00:00+00:00,0.5376713,0.9318885,0.95929575,0.90729094,0.7926955,0.5665371,0.6374974,1594666800
2020-07-13 19:30:00+00:00,0.5341508,0.9342299,0.96339947,0.9072046,0.79302824,0.5196217,0.6301911,1594668500
2020-07-13 20:00:00+00:00,0.51958305,0.9306562,0.96028167,0.9052822,0.7852028,0.49209958,0.6242948,1594670300
2020-07-13 20:30:00+00:00,0.5212826,0.9334782,0.96204394,0.90205353,0.77602184,0.47266138,0.5971526,1594672300
2020-07-13 21:00:00+00:00,0.5292949,0.9389745,0.96915454,0.90656376,0.7820727,0.4422622,0.5822937,1594674000
2020-07-13 21:30:00+00:00,0.50792885,0.94159925,0.97036225,0.9085479,0.7843278,0.4255195,0.5855496,1594675800
2020-07-13 22:00:00+00:00,0.5035586,0.93034804,0.9594559,0.8997121,0.7727562,0.4244285,0.58292466,1594677600
2020-07-13 22:30:00+00:00,0.51484853,0.93024945,0.9581866,0.90030354,0.77453077,0.40640277,0.569465,1594679400
2020-07-13 23:00:00+00:00,0.5011306,0.93567175,0.96310365,0.9020781,0.7766998,0.39665145,0.57617843,1594681200
2020-07-13 23:30:00+00:00,0.49809563,0.93814874,0.96468097,0.90533143,0.7776732,0.38613892,0.56384,1594683000
2020-07-14 00:00:00+00:00,0.4991882,0.93307143,0.96389234,0.9026819,0.7778212,0.37649935,0.55695117,1594684800
2020-07-14 00:30:00+00:00,0.48668423,0.9347722,0.9637322,0.9019672,0.776367,0.39011678,0.5573074,1594686600
2020-07-14 01:00:00+00:00,0.49421093,0.9380132,0.9666899,0.9057259,0.7800271,0.38909218,0.5445586,1594688400
2020-07-14 01:30:00+00:00,0.49506068,0.9330839,0.9635473,0.90545464,0.7782031,0.35756934,0.5413419,1594690200
2020-07-14 02:00:00+00:00,0.48801962,0.93975085,0.9691422,0.9092627,0.78228223,0.336951,0.5413906,1594692000
2020-07-14 02:30:00+00:00,0.49251133,0.9342914,0.9608731,0.9022753,0.77731586,0.33503577,0.53634834,1594693800
2020-07-14 03:00:00+00:00,0.4958793,0.936362,0.96492606,0.9064759,0.7802732,0.32575753,0.5294134,1594695600
2020-07-14 03:30:00+00:00,0.4717523,0.9309641,0.96008444,0.90342134,0.7757385,0.30427524,0.53082806,1594697300
2020-07-14 04:00:00+00:00,0.47223788,0.935795,0.9645209,0.9060586,0.7780799,0.3039132,0.5126734,1594699300
2020-07-14 04:30:00+00:00,0.48619866,0.9431768,0.9692037,0.9102609,0.78330505,0.2882687,0.4917079,1594701000
2020-07-14 05:00:00+00:00,0.47333047,0.9343162,0.96404034,0.9101869,0.7933733,0.2840909,0.49429205,1594702800
2020-07-14 05:30:00+00:00,0.46289027,0.93043435,0.95800173,0.9145618,0.81359595,0.24805199,0.49076468,1594704600
2020-07-14 06:00:00+00:00,0.47333047,0.922572,0.9557097,0.90980494,0.8110821,0.2463873,0.48919195,1594706400
2020-07-14 06:30:00+00:00,0.47685102,0.93022484,0.95702815,0.91282415,0.8129551,0.25980395,0.50316215,1594708200
2020-07-14 07:00:00+00:00,0.45111465,0.9244329,0.9538611,0.9092627,0.8081367,0.29402465,0.5239957,1594710000
2020-07-14 07:30:00+00:00,0.46301165,0.9293622,0.9554139,0.912245,0.81217873,0.32594508,0.5366294,1594711800
2020-07-14 08:00:00+00:00,0.47551563,0.9303234,0.9587658,0.9158065,0.81459415,0.34405848,0.539384,1594713600
2020-07-14 08:30:00+00:00,0.46325442,0.92438346,0.95602995,0.90891767,0.809554,0.35383242,0.5551262,1594715400
2020-07-14 09:00:00+00:00,0.45062906,0.9308903,0.9599489,0.9142043,0.8131154,0.3833378,0.56886554,1594717200
2020-07-14 09:30:00+00:00,0.45560637,0.9290911,0.9546744,0.9123188,0.8097387,0.38349083,0.5614929,1594719000
2020-07-14 10:00:00+00:00,0.45657754,0.9339835,0.96241355,0.9161021,0.81450784,0.39636362,0.5749264,1594720800
2020-07-14 10:30:00+00:00,0.42914164,0.93130934,0.95669544,0.91340333,0.811119,0.43263677,0.60672444,1594722600
2020-07-14 11:00:00+00:00,0.44225258,0.92833936,0.95466214,0.9136251,0.8096155,0.47126925,0.61135244,1594724400
2020-07-14 11:30:00+00:00,0.44917226,0.9307671,0.9606513,0.9150547,0.81341124,0.48041093,0.6175299,1594726100
2020-07-14 12:00:00+00:00,0.4342403,0.9307423,0.96041715,0.91483283,0.812339,0.5092469,0.6336457,1594728000
2020-07-14 12:30:00+00:00,0.43193376,0.9277971,0.95948064,0.91631126,0.814546,0.5352564,0.6417111,1594729900
2020-07-14 13:00:00+00:00,0.4486867,0.93058217,0.9568311,0.91272986,0.8109646,0.52341723,0.61763823,1594731600
2020-07-14 13:30:00+00:00,0.43909624,0.9304467,0.9620685,0.9175933,0.815309,0.4806489,0.6026592,1594733400
2020-07-14 14:00:00+00:00,0.42768484,0.9269067,0.9580388,0.9126269,0.80853117,0.4649927,0.5908485,1594735200
2020-07-14 14:30:00+00:00,0.44600642,0.9341809,0.9598278,0.91654676,0.8150045,0.44310066,0.5799004,1594737000
2020-07-14 15:00:00+00:00,0.4415242,0.930533,0.9623361,0.9183312,0.8144098,0.43155843,0.57674867,1594738800
2020-07-14 15:30:00+00:00,0.42707783,0.93542534,0.9637691,0.9191707,0.8156046,0.42045453,0.57674867,1594740600
2020-07-14 16:00:00+00:00,0.43047702,0.9328127,0.96123046,0.91182595,0.80319494,0.42045453,0.5653425,1594742400
2020-07-14 16:30:00+00:00,0.43581852,0.9325663,0.9616372,0.9092381,0.7902061,0.43019477,0.57705104,1594744200
2020-07-14 17:00:00+00:00,0.42319313,0.93114907,0.95712674,0.90837544,0.7898241,0.45035884,0.5883603,1594746000
2020-07-14 17:30:00+00:00,0.44055304,0.9347722,0.9622164,0.9102609,0.79334867,0.45124635,0.582366,1594747800
2020-07-14 18:00:00+00:00,0.4314482,0.93214726,0.96010906,0.9074264,0.7893559,0.4332865,0.57674867,1594749600
2020-07-14 18:30:00+00:00,0.42137215,0.9366206,0.9636582,0.91201085,0.7941989,0.42094862,0.56606066,1594751400
2020-07-14 19:00:00+00:00,0.43375474,0.9360908,0.96501374,0.9129351,0.7941003,0.39761907,0.557154,1594753200
2020-07-14 19:30:00+00:00,0.43496874,0.94162405,0.97185326,0.91685385,0.79719347,0.38125384,0.54664433,1594755000
2020-07-14 20:00:00+00:00,0.41530228,0.93627554,0.9620562,0.9116287,0.7928187,0.35141513,0.53878456,1594756900
2020-07-14 20:30:00+00:00,0.42501408,0.93243074,0.9607499,0.9103472,0.79196835,0.3398557,0.5261969,1594758700
2020-07-14 21:00:00+00:00,0.4301128,0.936744,0.964028,0.91051966,0.7922519,0.32987967,0.5175893,1594760400
2020-07-14 21:30:00+00:00,0.41748744,0.9378531,0.9670472,0.91355115,0.7935705,0.30650252,0.51832753,1594762200
2020-07-14 22:00:00+00:00,0.40983933,0.93027407,0.96111953,0.9094845,0.79088384,0.29060605,0.5117034,1594764000
2020-07-14 22:30:00+00:00,0.41882282,0.9339958,0.9589507,0.90964466,0.7902309,0.24776068,0.4912719,1594765800
2020-07-14 23:00:00+00:00,0.40474066,0.9399727,0.96773726,0.91581875,0.7969101,0.23835225,0.49115142,1594767600
2020-07-14 23:30:00+00:00,0.40911096,0.93739694,0.96558076,0.9119861,0.7913152,0.23928842,0.48923898,1594769400
2020-07-15 00:00:00+00:00,0.419794,0.93881416,0.9693269,0.91472197,0.79594886,0.23891813,0.4824731,1594771200
2020-07-15 00:30:00+00:00,0.41578785,0.9373723,0.96453315,0.91364974,0.7935582,0.23388742,0.48153308,1594773000
2020-07-15 01:00:00+00:00,0.40729,0.9374955,0.9660613,0.9140934,0.7931021,0.2276021,0.48399952,1594774800
2020-07-15 01:30:00+00:00,0.41578785,0.93506783,0.963609,0.9121093,0.79201776,0.2172203,0.4771454,1594776600
2020-07-15 02:00:00+00:00,0.40486205,0.9319008,0.9604295,0.90959543,0.7901323,0.2170268,0.4847358,1594778400
2020-07-15 02:30:00+00:00,0.40243408,0.9298427,0.9616741,0.9102486,0.7885918,0.22508742,0.48132196,1594780200
2020-07-15 03:00:00+00:00,0.4128743,0.93355215,0.96222866,0.908474,0.7891093,0.2371996,0.47904202,1594782000
2020-07-15 03:30:00+00:00,0.39782098,0.9367932,0.9649399,0.9125037,0.7925846,0.24143991,0.48940626,1594783700
2020-07-15 04:00:00+00:00,0.4004917,0.9362263,0.96680075,0.9132555,0.7921287,0.26101926,0.49005485,1594785500
2020-07-15 04:30:00+00:00,0.41105333,0.93927014,0.96931463,0.91554755,0.7947042,0.25970381,0.48215473,1594787500
2020-07-15 05:00:00+00:00,0.40279827,0.93669456,0.9639663,0.91392094,0.79391557,0.24682201,0.47224376,1594789200
2020-07-15 05:30:00+00:00,0.38118944,0.9289062,0.960565,0.9094722,0.7900091,0.2254317,0.4828769,1594791000
2020-07-15 06:00:00+00:00,0.38762352,0.9284503,0.95551246,0.90623105,0.7861887,0.21471544,0.48146346,1594792800
2020-07-15 06:30:00+00:00,0.39733538,0.9288199,0.95902455,0.90895456,0.7871869,0.22920245,0.478512,1594794600
2020-07-15 07:00:00+00:00,0.39903495,0.93553627,0.9661722,0.9134773,0.79203004,0.2400673,0.48535088,1594796400
2020-07-15 07:30:00+00:00,0.38349602,0.93453807,0.9598749,0.9116657,0.78978723,0.2563176,0.5015925,1594798200
2020-07-15 08:00:00+00:00,0.3967284,0.9319008,0.9619082,0.91228193,0.78963923,0.287127,0.51042205,1594800000
2020-07-15 08:30:00+00:00,0.38968733,0.9359922,0.96539587,0.91485745,0.792412,0.29755297,0.5166751,1594801800
2020-07-15 09:00:00+00:00,0.39150828,0.9377174,0.96852595,0.9144632,0.7926709,0.30874425,0.51909274,1594803600
2020-07-15 09:30:00+00:00,0.39138687,0.9348708,0.9642127,0.91282415,0.78878903,0.33590367,0.5374883,1594805400
2020-07-15 10:00:00+00:00,0.38118944,0.93432856,0.96332544,0.9128365,0.789442,0.3505366,0.55181473,1594807200
2020-07-15 10:30:00+00:00,0.3909013,0.93254167,0.95912313,0.91103727,0.7893436,0.36954543,0.55316246,1594809000
2020-07-15 11:00:00+00:00,0.38191783,0.9318885,0.96323913,0.9103595,0.7882097,0.3793536,0.5619338,1594810800
2020-07-15 11:30:00+00:00,0.37184182,0.93236905,0.9556603,0.906909,0.7856218,0.39188316,0.5722906,1594812500
2020-07-15 12:00:00+00:00,0.38058245,0.9315064,0.95933264,0.909201,0.78739643,0.40048704,0.5773341,1594814500
2020-07-15 12:30:00+00:00,0.3714776,0.93642354,0.9636582,0.91257775,0.788296,0.4273836,0.5844328,1594816300
2020-07-15 13:00:00+00:00,0.37232742,0.93330574,0.9608608,0.9121218,0.79101956,0.4318824,0.58087564,1594818000
2020-07-15 13:30:00+00:00,0.38725936,0.93303454,0.9596162,0.91092634,0.79062515,0.42272723,0.5623221,1594819800
2020-07-15 14:00:00+00:00,0.39466462,0.9342053,0.9626723,0.91484517,0.794162,0.39837664,0.5585439,1594821600
2020-07-15 14:30:00+00:00,0.3775475,0.9351049,0.9630667,0.91282415,0.79063743,0.39751938,0.5593312,1594823400
2020-07-15 15:00:00+00:00,0.3892017,0.9347228,0.9634858,0.9127502,0.791192,0.39015153,0.5539837,1594825200
2020-07-15 15:30:00+00:00,0.39345062,0.9286967,0.9583716,0.908326,0.78748274,0.3954546,0.556138,1594827000
2020-07-15 16:00:00+00:00,0.37985405,0.93241847,0.9598626,0.9111974,0.7891341,0.42045453,0.56450593,1594828800
2020-07-15 16:30:00+00:00,0.3673501,0.9360045,0.9600352,0.91270095,0.7903047,0.42045453,0.5763858,1594830600
2020-07-15 17:00:00+00:00,0.36819986,0.9313586,0.9600352,0.9109633,0.78739643,0.419697,0.5628439,1594832400
2020-07-15 17:30:00+00:00,0.38774493,0.9317776,0.96247524,0.9118137,0.7903047,0.39772728,0.5562575,1594834200
2020-07-15 18:00:00+00:00,0.39272225,0.9371259,0.9633625,0.9139948,0.79134,0.3937338,0.5535253,1594836000
2020-07-15 18:30:00+00:00,0.37669772,0.9357458,0.9647919,0.914685,0.7914509,0.3871297,0.5539828,1594837800
2020-07-15 19:00:00+00:00,0.3831318,0.93434083,0.9608116,0.9113454,0.7892573,0.368695,0.5403575,1594839600
2020-07-15 19:30:00+00:00,0.38349602,0.9335891,0.96327627,0.91421664,0.7912166,0.34511426,0.53919387,1594841300
2020-07-15 20:00:00+00:00,0.36953524,0.93264025,0.96201915,0.9138101,0.7913152,0.3587662,0.54184204,1594843100
2020-07-15 20:30:00+00:00,0.37973267,0.9342299,0.96019536,0.9121956,0.78856725,0.3526579,0.5353619,1594845000
2020-07-15 21:00:00+00:00,0.38701653,0.93446404,0.9624013,0.9151656,0.792486,0.33985388,0.53264534,1594846800
2020-07-15 21:30:00+00:00,0.36540774,0.9298427,0.95798945,0.910569,0.78694046,0.33781755,0.53673965,1594848600
2020-07-15 22:00:00+00:00,0.3599448,0.9384937,0.9656054,0.9184066,0.7943346,0.3355197,0.53407204,1594850400
2020-07-15 22:30:00+00:00,0.37475538,0.9355239,0.9629312,0.91176426,0.7885795,0.3064492,0.52180064,1594852200
2020-07-15 23:00:00+00:00,0.37706193,0.93255395,0.96410185,0.9138716,0.78995967,0.31632364,0.5160548,1594854000
2020-07-15 23:30:00+00:00,0.36297977,0.9371259,0.9613044,0.9138716,0.79060054,0.30132788,0.52438563,1594855800
2020-07-16 00:00:00+00:00,0.3658933,0.93421763,0.96447164,0.91479594,0.7891833,0.2990819,0.51700217,1594857600
2020-07-16 00:30:00+00:00,0.36989945,0.9316667,0.95847,0.91413045,0.78962696,0.28964433,0.5128333,1594859400
2020-07-16 01:00:00+00:00,0.35933784,0.936214,0.96537125,0.9163239,0.78960234,0.29194328,0.5197024,1594861200
2020-07-16 01:30:00+00:00,0.35751686,0.9343162,0.96311593,0.9122327,0.7880742,0.2916774,0.5162984,1594863000
2020-07-16 02:00:00+00:00,0.36977807,0.9403177,0.96867377,0.9175316,0.79307747,0.29194805,0.511039,1594864800
2020-07-16 02:30:00+00:00,0.3614016,0.9320486,0.9605404,0.91282415,0.78912175,0.2930791,0.5143841,1594866600
2020-07-16 03:00:00+00:00,0.35059717,0.9338726,0.96322685,0.91161644,0.7878032,0.28993416,0.51584476,1594868400
2020-07-16 03:30:00+00:00,0.3655291,0.93923324,0.9682301,0.9173221,0.7934225,0.30253837,0.5112401,1594870100
2020-07-16 04:00:00+00:00,0.35436052,0.9361277,0.96410185,0.91679233,0.79196835,0.3068182,0.5169291,1594872000
2020-07-16 04:30:00+00:00,0.35132557,0.937015,0.96410185,0.91448784,0.78959,0.30028412,0.5123476,1594873900
2020-07-16 05:00:00+00:00,0.3611588,0.9391963,0.9661722,0.9167429,0.7921287,0.29501012,0.5067159,1594875600
2020-07-16 05:30:00+00:00,0.3498688,0.9319748,0.96002275,0.9112714,0.7828368,0.29054546,0.51085603,1594877400
2020-07-16 06:00:00+00:00,0.36310118,0.92831475,0.9598872,0.9070937,0.7824177,0.29420653,0.514665,1594879200
2020-07-16 06:30:00+00:00,0.36917105,0.93517876,0.96362126,0.91260237,0.78793865,0.3153409,0.5307071,1594881000
2020-07-16 07:00:00+00:00,0.35788104,0.9318885,0.9618221,0.9127502,0.7873472,0.34389305,0.55182046,1594882800
2020-07-16 07:30:00+00:00,0.37087062,0.9372122,0.96537125,0.9144509,0.7892327,0.38643292,0.562141,1594884600
2020-07-16 08:00:00+00:00,0.37111345,0.9300276,0.9564613,0.90865874,0.78315717,0.42556337,0.5803473,1594886400
2020-07-16 08:30:00+00:00,0.35897362,0.93432856,0.9618713,0.9156832,0.7886164,0.4679144,0.60924256,1594888200
2020-07-16 09:00:00+00:00,0.34962597,0.93866634,0.9659258,0.9176179,0.7894668,0.48796228,0.6298787,1594890000
2020-07-16 09:30:00+00:00,0.35690987,0.93542534,0.9662954,0.9146603,0.787951,0.5203234,0.6349546,1594891800
2020-07-16 10:00:00+00:00,0.36832127,0.9338972,0.96649265,0.9159666,0.78833294,0.53333336,0.64205205,1594893600
2020-07-16 10:30:00+00:00,0.35678846,0.937434,0.9646441,0.91442615,0.7878647,0.5665689,0.66390306,1594895400
2020-07-16 11:00:00+00:00,0.35217535,0.9424496,0.9666405,0.91854215,0.7908223,0.5980416,0.67506534,1594897200
2020-07-16 11:30:00+00:00,0.36904964,0.9380624,0.9659873,0.91800004,0.7902924,0.6198467,0.6759511,1594899000
2020-07-16 12:00:00+00:00,0.36455792,0.93615234,0.963461,0.9163856,0.789171,0.6560104,0.6920464,1594900700
2020-07-16 12:30:00+00:00,0.35181114,0.93403274,0.9616372,0.91388386,0.78671867,0.69690603,0.71587545,1594902700
2020-07-16 13:00:00+00:00,0.35314652,0.926762,0.9535899,0.9180493,0.8163318,0.7430555,0.7380516,1594904400
2020-07-16 13:30:00+00:00,0.36807847,0.93121076,0.9595545,0.92108077,0.8204232,0.7416883,0.7277002,1594906200
2020-07-16 14:00:00+00:00,0.35351074,0.93000305,0.95826066,0.9191953,0.8170588,0.74256444,0.7388857,1594908000
2020-07-16 14:30:00+00:00,0.3387002,0.92480254,0.9546744,0.9159666,0.81434774,0.7461479,0.7444288,1594909800
2020-07-16 15:00:00+00:00,0.34052116,0.92313886,0.95309705,0.91463566,0.8121172,0.7400768,0.73839027,1594911600
2020-07-16 15:30:00+00:00,0.36237276,0.92951,0.9574472,0.91984844,0.8181433,0.74633145,0.7342615,1594913400
2020-07-16 16:00:00+00:00,0.34901902,0.9256775,0.9538365,0.9163733,0.8151981,0.7805292,0.7590516,1594915200
2020-07-16 16:30:00+00:00,0.34528688,0.93150514,0.95783055,0.9217956,0.819277,0.7900992,0.76620543,1594917000
2020-07-16 17:00:00+00:00,0.3369362,0.9263676,0.9538242,0.91588426,0.8146862,0.7892298,0.76749974,1594918800
2020-07-16 17:30:00+00:00,0.33020234,0.9305945,0.96153855,0.92292935,0.8196222,0.7553243,0.75407994,1594920600
2020-07-16 18:00:00+00:00,0.3482906,0.9291157,0.9589384,0.92226386,0.81763816,0.7396934,0.7326796,1594922400
2020-07-16 18:30:00+00:00,0.34901902,0.9245067,0.9540461,0.91806155,0.81513643,0.7120258,0.72192717,1594924200
2020-07-16 19:00:00+00:00,0.3445273,0.9304467,0.9596162,0.91506696,0.79402643,0.6865836,0.7111037,1594926000
2020-07-16 19:30:00+00:00,0.3355438,0.93631226,0.9641949,0.90916413,0.76531285,0.6498633,0.69775426,1594927700
2020-07-16 20:00:00+00:00,0.3445049,0.9354572,0.9645455,0.90934676,0.7645556,0.61209846,0.67061657,1594929700
2020-07-16 20:30:00+00:00,0.34513426,0.9377174,0.9629681,0.90666234,0.76207185,0.5299513,0.6490013,1594931500
2020-07-16 21:00:00+00:00,0.33432984,0.93702734,0.96639407,0.9086711,0.7636246,0.5111341,0.64242023,1594933200
2020-07-16 21:30:00+00:00,0.33008093,0.94193196,0.9680208,0.91369915,0.7677529,0.47824278,0.6255092,1594935000
2020-07-16 22:00:00+00:00,0.34173512,0.9361154,0.96301734,0.9069705,0.7634889,0.45051852,0.60374576,1594936800
2020-07-16 22:30:00+00:00,0.3423421,0.9350432,0.96383077,0.9080796,0.76404345,0.43817797,0.6032152,1594938600
2020-07-16 23:00:00+00:00,0.33311588,0.94084764,0.96730596,0.91122204,0.7675926,0.4324602,0.604846,1594940400
2020-07-16 23:30:00+00:00,0.34464866,0.93736005,0.96537125,0.9119861,0.76658213,0.42172936,0.59109664,1594942200
2020-07-17 00:00:00+00:00,0.34064254,0.9378654,0.966924,0.9135882,0.7676912,0.42666486,0.59803665,1594944000
2020-07-17 00:30:00+00:00,0.32777438,0.93340415,0.96211773,0.90732783,0.7603711,0.42483762,0.60340965,1594945800
2020-07-17 01:00:00+00:00,0.34537706,0.9371382,0.9636336,0.90965694,0.76517737,0.42193672,0.5885282,1594947600
2020-07-17 01:30:00+00:00,0.3376076,0.9394304,0.9677619,0.9114438,0.76712435,0.4431818,0.5881233,1594949400
2020-07-17 02:00:00+00:00,0.335301,0.94226474,0.9697706,0.91512865,0.76918244,0.4231902,0.59574956,1594951200
2020-07-17 02:30:00+00:00,0.34161374,0.93666995,0.964299,0.910002,0.7643762,0.40198863,0.5835965,1594953000
2020-07-17 03:00:00+00:00,0.3367578,0.93727374,0.96461946,0.9103964,0.76558393,0.41372916,0.5843786,1594954800
2020-07-17 03:30:00+00:00,0.32607478,0.9420923,0.9712618,0.9140565,0.7686402,0.4237013,0.58593297,1594956500
2020-07-17 04:00:00+00:00,0.3423421,0.9438792,0.9720505,0.91627467,0.7703162,0.42045453,0.5764895,1594958300
2020-07-17 04:30:00+00:00,0.33153772,0.93789,0.9650508,0.908129,0.76458573,0.42045453,0.57961285,1594960300
2020-07-17 05:00:00+00:00,0.31575596,0.9328373,0.96449625,0.90746355,0.7637724,0.42045453,0.5857213,1594962000
2020-07-17 05:30:00+00:00,0.3266818,0.9327387,0.96062666,0.9144632,0.787951,0.42045453,0.5778757,1594963800
2020-07-17 06:00:00+00:00,0.33954996,0.92758757,0.95819896,0.9123928,0.78642285,0.42045453,0.5788562,1594965600
2020-07-17 06:30:00+00:00,0.32741016,0.9313586,0.959764,0.91259,0.7862256,0.42683566,0.59426796,1594967400
2020-07-17 07:00:00+00:00,0.32595342,0.9290911,0.9553399,0.90976787,0.78382266,0.43125352,0.606172,1594969200
2020-07-17 07:30:00+00:00,0.34222072,0.92904174,0.9585194,0.9123436,0.78615177,0.4709821,0.6146491,1594971000
2020-07-17 08:00:00+00:00,0.3374862,0.9355609,0.96550673,0.91833276,0.79076064,0.49995664,0.6384624,1594972800
2020-07-17 08:30:00+00:00,0.3150276,0.92715627,0.9566339,0.9119861,0.7835022,0.53227097,0.6627415,1594974600
2020-07-17 09:00:00+00:00,0.32717007,0.9274519,0.96004355,0.91000354,0.78377604,0.56459147,0.673266,1594976400
2020-07-17 09:30:00+00:00,0.33469406,0.92870903,0.9563504,0.91080314,0.78418,0.60153365,0.68606466,1594978200
2020-07-17 10:00:00+00:00,0.32983813,0.9313832,0.9606144,0.91434,0.78569585,0.6651646,0.7239714,1594980000
2020-07-17 10:30:00+00:00,0.31709135,0.93403274,0.9609717,0.91348964,0.78355145,0.7103768,0.7517743,1594981800
2020-07-17 11:00:00+00:00,0.3327517,0.92891854,0.9569789,0.9102115,0.780865,0.74743754,0.7638608,1594983600
2020-07-17 11:30:00+00:00,0.3297167,0.9301385,0.96012133,0.9143152,0.7838719,0.80623746,0.79741514,1594985300
2020-07-17 12:00:00+00:00,0.3261962,0.93642354,0.9668623,0.9182094,0.78871506,0.8600417,0.8163615,1594987300
2020-07-17 12:30:00+00:00,0.32182586,0.9417102,0.97033745,0.92275673,0.78862876,0.8786156,0.8303539,1594989000
2020-07-17 13:00:00+00:00,0.32765296,0.93845683,0.9661722,0.91933095,0.7890724,0.8805533,0.82397133,1594990800
2020-07-17 13:30:00+00:00,0.3495046,0.9380132,0.96516174,0.91802466,0.7882097,0.8817033,0.81739354,1594992600
2020-07-17 14:00:00+00:00,0.3442845,0.9332563,0.96089774,0.9136005,0.78356373,0.9215632,0.8477847,1594994400
2020-07-17 14:30:00+00:00,0.34088534,0.93206096,0.9619699,0.9138101,0.78315717,0.96590906,0.8585281,1594996200
2020-07-17 15:00:00+00:00,0.33481544,0.93827194,0.964336,0.9164965,0.7881605,0.9760765,0.8744434,1594998000
2020-07-17 15:30:00+00:00,0.32789576,0.93606603,0.9641758,0.9182219,0.78557265,0.9805149,0.8794113,1594999800
2020-07-17 16:00:00+00:00,0.32182586,0.93176526,0.9592835,0.91384697,0.7829723,0.982794,0.8833836,1595001600
2020-07-17 16:30:00+00:00,0.31866953,0.93415594,0.9632639,0.9163733,0.7852522,0.97091675,0.8773039,1595003400
2020-07-17 17:00:00+00:00,0.31017166,0.93124765,0.96017075,0.915412,0.7827259,0.96590906,0.87118703,1595005200
2020-07-17 17:30:00+00:00,0.30725813,0.93028635,0.95708984,0.91160417,0.77980524,0.93797356,0.863492,1595007000
2020-07-17 18:00:00+00:00,0.32291844,0.93558544,0.964484,0.9183203,0.78569585,0.89160156,0.83141744,1595008800
2020-07-17 18:30:00+00:00,0.32935256,0.9359182,0.9627463,0.9173715,0.7854617,0.84698004,0.8098775,1595010600
2020-07-17 19:00:00+00:00,0.33032373,0.94062585,0.96730596,0.92076033,0.78968865,0.8188865,0.7934051,1595012400
2020-07-17 19:30:00+00:00,0.31917027,0.93995416,0.96447027,0.9186562,0.78772914,0.7874331,0.782332,1595014100
2020-07-17 20:00:00+00:00,0.31917873,0.9395604,0.9646884,0.9185721,0.7877473,0.7752526,0.7780866,1595016000
2020-07-17 20:30:00+00:00,0.31918716,0.93916684,0.96490663,0.9184881,0.78776574,0.76307195,0.77384126,1595017900
2020-07-17 21:00:00+00:00,0.31919557,0.9387731,0.9651248,0.918404,0.7877839,0.75089127,0.76959586,1595019600
2020-07-17 21:30:00+00:00,0.31920403,0.9383795,0.9653432,0.91831976,0.7878021,0.7387106,0.7653505,1595021400
2020-07-17 22:00:00+00:00,0.31921244,0.93798584,0.96556133,0.9182357,0.78782046,0.72653,0.7611051,1595023200
2020-07-17 22:30:00+00:00,0.31922087,0.9375921,0.96577954,0.9181517,0.7878387,0.7143494,0.7568597,1595025000
2020-07-17 23:00:00+00:00,0.3192293,0.9371985,0.9659977,0.91806746,0.7878569,0.7021687,0.7526143,1595026800
2020-07-17 23:30:00+00:00,0.31923774,0.9368048,0.9662159,0.9179834,0.78787524,0.68998814,0.7483689,1595028600
2020-07-18 00:00:00+00:00,0.31924614,0.93641126,0.96643424,0.91789937,0.7878934,0.67780745,0.7441235,1595030400
2020-07-18 00:30:00+00:00,0.3192546,0.9360175,0.96665245,0.9178153,0.78791165,0.6656269,0.7398782,1595032200
2020-07-18 01:00:00+00:00,0.31926304,0.93562376,0.9668706,0.9177311,0.78793,0.6534462,0.7356328,1595034000
2020-07-18 01:30:00+00:00,0.31927145,0.9352302,0.9670888,0.91764706,0.7879482,0.64126563,0.7313874,1595035800
2020-07-18 02:00:00+00:00,0.3192799,0.93483645,0.96730715,0.917563,0.78796655,0.62908494,0.727142,1595037600
2020-07-18 02:30:00+00:00,0.3192883,0.93444294,0.96752536,0.9174789,0.7879848,0.6169043,0.72289664,1595039400
2020-07-18 03:00:00+00:00,0.31929675,0.9340492,0.9677435,0.9173947,0.78800297,0.6047237,0.71865124,1595041200
2020-07-18 03:30:00+00:00,0.31930518,0.93365544,0.9679617,0.91731066,0.7880213,0.59254307,0.7144059,1595043000
2020-07-18 04:00:00+00:00,0.31931362,0.9332619,0.9681799,0.9172266,0.7880395,0.5803624,0.71016043,1595044900
2020-07-18 04:30:00+00:00,0.31932202,0.9328682,0.9683982,0.9171424,0.78805774,0.5681818,0.7059151,1595046700
2020-07-18 05:00:00+00:00,0.31933048,0.9324746,0.9686164,0.91705835,0.7880761,0.56844485,0.7016697,1595048400
2020-07-18 05:30:00+00:00,0.3193389,0.93208086,0.9688346,0.9169743,0.7880943,0.5687079,0.6974243,1595050200
2020-07-18 06:00:00+00:00,0.31934732,0.9316871,0.9690528,0.91689026,0.78811246,0.5689709,0.69317895,1595052000
2020-07-18 06:30:00+00:00,0.3193558,0.93129355,0.9692711,0.91680604,0.7881309,0.56923395,0.68893355,1595053800
2020-07-18 07:00:00+00:00,0.3193642,0.93089986,0.96948934,0.916722,0.78814906,0.56949705,0.68468815,1595055600
2020-07-18 07:30:00+00:00,0.31937262,0.9305061,0.9697075,0.91663796,0.78816724,0.5697601,0.68044275,1595057400
2020-07-18 08:00:00+00:00,0.31938103,0.93011254,0.9699257,0.91655385,0.7881856,0.5700232,0.67619735,1595059200
2020-07-18 08:30:00+00:00,0.3193895,0.9297188,0.97014385,0.91646963,0.78820384,0.5702862,0.671952,1595061000
2020-07-18 09:00:00+00:00,0.3193979,0.9293252,0.97036225,0.9163856,0.788222,0.57054925,0.6677066,1595062800
2020-07-18 09:30:00+00:00,0.3182402,0.92949474,0.97011685,0.9164298,0.7879728,0.5620714,0.6637658,1595064600
2020-07-18 10:00:00+00:00,0.31708246,0.9296644,0.96987146,0.916474,0.7877236,0.5535936,0.6598249,1595066400
2020-07-18 10:30:00+00:00,0.31592473,0.92983407,0.96962625,0.91651815,0.7874744,0.54511565,0.655884,1595068200
2020-07-18 11:00:00+00:00,0.314767,0.9300037,0.96938086,0.9165624,0.7872252,0.5366377,0.6519432,1595070000
2020-07-18 11:30:00+00:00,0.3136093,0.9301732,0.96913564,0.91660655,0.786976,0.5281599,0.6480023,1595071700
2020-07-18 12:00:00+00:00,0.31245154,0.93034285,0.96889025,0.9166508,0.7867268,0.519682,0.6440615,1595073500
2020-07-18 12:30:00+00:00,0.31129384,0.9305125,0.96864486,0.91669494,0.78647757,0.5112042,0.6401207,1595075500
2020-07-18 13:00:00+00:00,0.3101361,0.9306822,0.96839964,0.9167391,0.78622836,0.5027263,0.6361798,1595077200
2020-07-18 13:30:00+00:00,0.30897838,0.93085164,0.96815425,0.91678333,0.7859792,0.49424848,0.632239,1595079000
2020-07-18 14:00:00+00:00,0.30782068,0.93102133,0.96790886,0.9168277,0.78573,0.48577058,0.6282981,1595080800
2020-07-18 14:30:00+00:00,0.30666295,0.93119097,0.96766365,0.9168719,0.7854808,0.47729275,0.6243573,1595082600
2020-07-18 15:00:00+00:00,0.30550525,0.93136066,0.96741825,0.9169161,0.7852316,0.46881485,0.6204164,1595084400
2020-07-18 15:30:00+00:00,0.3043475,0.9315301,0.96717286,0.91696024,0.7849824,0.46033695,0.6164756,1595086200
2020-07-18 16:00:00+00:00,0.30318978,0.93169975,0.96692765,0.91700447,0.7847332,0.45185912,0.6125347,1595088000
2020-07-18 16:30:00+00:00,0.30203202,0.93186945,0.96668226,0.91704863,0.78448397,0.44338122,0.6085938,1595089800
2020-07-18 17:00:00+00:00,0.30087432,0.9320391,0.96643704,0.91709286,0.78423476,0.4349034,0.604653,1595091600
2020-07-18 17:30:00+00:00,0.2997166,0.9322086,0.96619165,0.917137,0.78398556,0.4264255,0.6007122,1595093400
2020-07-18 18:00:00+00:00,0.2985589,0.93237823,0.96594626,0.9171812,0.78373635,0.41794768,0.59677136,1595095200
2020-07-18 18:30:00+00:00,0.29740113,0.9325479,0.96570104,0.9172254,0.78348714,0.40946978,0.5928305,1595097000
2020-07-18 19:00:00+00:00,0.29624343,0.93271756,0.96545565,0.9172696,0.78323793,0.40099195,0.5888896,1595098800
2020-07-18 19:30:00+00:00,0.29508567,0.9328872,0.96521026,0.9173138,0.7829887,0.39251405,0.5849488,1595100500
2020-07-18 20:00:00+00:00,0.29392797,0.9330567,0.96496505,0.917358,0.7827396,0.38403615,0.5810079,1595102500
2020-07-18 20:30:00+00:00,0.29277024,0.93322635,0.96471965,0.91740215,0.7824904,0.37555835,0.5770671,1595104300
2020-07-18 21:00:00+00:00,0.29161254,0.93339604,0.96447444,0.9174464,0.78224117,0.36708042,0.5731262,1595106000
2020-07-18 21:30:00+00:00,0.2904548,0.9335657,0.96422905,0.91749054,0.7819918,0.3586026,0.5691853,1595107800
2020-07-18 22:00:00+00:00,0.28929707,0.9337352,0.96398365,0.91753477,0.7817426,0.35012472,0.5652445,1595109600
2020-07-18 22:30:00+00:00,0.29946312,0.9348363,0.9619262,0.91980463,0.78265345,0.33673468,0.5567644,1595111400
2020-07-18 23:00:00+00:00,0.29888168,0.93665767,0.96249986,0.9186778,0.7832064,0.30790043,0.5535253,1595113200
2020-07-18 23:30:00+00:00,0.2841925,0.9404286,0.9687478,0.92275673,0.78473455,0.3040124,0.55065364,1595115000
2020-07-19 00:00:00+00:00,0.29426855,0.93939334,0.9682549,0.92183256,0.78527683,0.29019478,0.5352017,1595116800
2020-07-19 00:30:00+00:00,0.29924583,0.94052726,0.96734285,0.92175853,0.7858929,0.2837879,0.53030205,1595118600
2020-07-19 01:00:00+00:00,0.28455672,0.9376435,0.96673906,0.9221899,0.7845004,0.26136363,0.53042054,1595120400
2020-07-19 01:30:00+00:00,0.29256895,0.9395906,0.96964735,0.923644,0.78662,0.257948,0.51672393,1595122200
2020-07-19 02:00:00+00:00,0.29888168,0.9392578,0.966776,0.92235017,0.78490716,0.24967895,0.5131129,1595124000
2020-07-19 02:30:00+00:00,0.27957937,0.9413405,0.97081816,0.92310196,0.78472227,0.24215846,0.51770073,1595125800
2020-07-19 03:00:00+00:00,0.28097853,0.9395202,0.9708643,0.9238109,0.7852477,0.23248109,0.5105115,1595127600
2020-07-19 03:30:00+00:00,0.2998286,0.9364038,0.9716143,0.9224734,0.7838547,0.21200639,0.49024183,1595129300
2020-07-19 04:00:00+00:00,0.30222875,0.9293252,0.96249276,0.92462474,0.78524685,0.20038804,0.48385543,1595131100
2020-07-19 04:30:00+00:00,0.30130383,0.9299649,0.96036255,0.92434293,0.7854522,0.20108093,0.48880112,1595133000
2020-07-19 05:00:00+00:00,0.30037892,0.9306045,0.9582324,0.9240613,0.7856577,0.20177382,0.49374685,1595134800
2020-07-19 05:30:00+00:00,0.29945397,0.9312442,0.95610225,0.9237797,0.7858631,0.20246671,0.49869254,1595136600
2020-07-19 06:00:00+00:00,0.29852903,0.9318838,0.95397204,0.9234979,0.78606844,0.20315968,0.5036382,1595138400
2020-07-19 06:30:00+00:00,0.2976041,0.9325235,0.9518419,0.92321634,0.7862738,0.20385256,0.5085839,1595140200
2020-07-19 07:00:00+00:00,0.29667917,0.9331631,0.9497117,0.92293453,0.7864792,0.20454545,0.5135296,1595142000
2020-07-19 07:30:00+00:00,0.29575422,0.9338027,0.9475815,0.9226529,0.7866845,0.23177086,0.51847535,1595143800
2020-07-19 08:00:00+00:00,0.29482928,0.9344424,0.9454513,0.9223713,0.78689003,0.2589962,0.52342105,1595145600
2020-07-19 08:30:00+00:00,0.29390433,0.935082,0.94332117,0.9220895,0.78709537,0.2862216,0.52836674,1595147400
2020-07-19 09:00:00+00:00,0.28965542,0.9369041,0.9699924,0.9233113,0.7838104,0.30900973,0.5490483,1595149200
2020-07-19 09:30:00+00:00,0.27751562,0.93947965,0.96927774,0.92302793,0.7833913,0.36534995,0.5897164,1595151000
2020-07-19 10:00:00+00:00,0.28285715,0.9367686,0.96750313,0.92259663,0.7809882,0.45038623,0.61984265,1595152800
2020-07-19 10:30:00+00:00,0.29536113,0.93753266,0.96225345,0.9187393,0.77995306,0.51821405,0.64962935,1595154600
2020-07-19 11:00:00+00:00,0.3037796,0.9370535,0.96721256,0.92258793,0.7828021,0.56720775,0.6738643,1595156400
2020-07-19 11:30:00+00:00,0.30318072,0.936544,0.96657777,0.92227113,0.78213143,0.59723586,0.6896081,1595158100
2020-07-19 12:00:00+00:00,0.30258188,0.9360345,0.9659428,0.9219544,0.78146076,0.62726396,0.7053519,1595160000
2020-07-19 12:30:00+00:00,0.301983,0.935525,0.965308,0.9216376,0.78079015,0.657292,0.7210957,1595161900
2020-07-19 13:00:00+00:00,0.30138412,0.9350157,0.96467304,0.9213206,0.7801195,0.6873201,0.7368395,1595163600
2020-07-19 13:30:00+00:00,0.30078524,0.9345062,0.96403825,0.9210038,0.7794486,0.71734816,0.7525833,1595165400
2020-07-19 14:00:00+00:00,0.3001864,0.9339967,0.9634033,0.920687,0.77877796,0.7473764,0.768327,1595167200
2020-07-19 14:30:00+00:00,0.29958752,0.93348736,0.9627685,0.9203702,0.7781073,0.7774044,0.78407085,1595169000
2020-07-19 15:00:00+00:00,0.29898864,0.93297786,0.9621335,0.9200533,0.7774366,0.80743235,0.79981464,1595170800
2020-07-19 15:30:00+00:00,0.29329738,0.939184,0.96295583,0.9211548,0.77995306,0.83140844,0.81226474,1595172600
2020-07-19 16:00:00+00:00,0.28479952,0.93614,0.96651727,0.9208589,0.77939856,0.8403955,0.8205934,1595174400
2020-07-19 16:30:00+00:00,0.278851,0.93650967,0.9630913,0.920477,0.77816623,0.8305631,0.8183265,1595176200
2020-07-19 17:00:00+00:00,0.27715147,0.9405888,0.9670472,0.9223625,0.7801255,0.7967966,0.8030598,1595178000
2020-07-19 17:30:00+00:00,0.302038,0.94228953,0.96931463,0.9282408,0.7869528,0.72769666,0.75507396,1595179800
2020-07-19 18:00:00+00:00,0.29900306,0.93962765,0.9692283,0.92410016,0.7828491,0.6599485,0.721415,1595181600
2020-07-19 18:30:00+00:00,0.28358552,0.93996036,0.96948725,0.9235456,0.7821713,0.6055195,0.69867104,1595183400
2020-07-19 19:00:00+00:00,0.2790938,0.93875265,0.9652603,0.9212534,0.7788563,0.5494558,0.6676032,1595185200
2020-07-19 19:30:00+00:00,0.2962109,0.93739694,0.96809465,0.9226829,0.78180164,0.50245094,0.640531,1595187000
2020-07-19 20:00:00+00:00,0.2803078,0.9376188,0.96634465,0.9219188,0.77928764,0.463789,0.6278901,1595188700
2020-07-19 20:30:00+00:00,0.26440462,0.93249226,0.9632146,0.91864073,0.77519625,0.41564074,0.6029506,1595190700
2020-07-19 21:00:00+00:00,0.2844353,0.93841994,0.96534646,0.9210685,0.7792136,0.35960147,0.5683038,1595192400
2020-07-19 21:30:00+00:00,0.2900196,0.93845683,0.967121,0.92392755,0.7814812,0.3227625,0.5489678,1595194200
2020-07-19 22:00:00+00:00,0.2727811,0.93353987,0.9614523,0.91781515,0.7747649,0.28548953,0.53330505,1595196000
2020-07-19 22:30:00+00:00,0.2922048,0.9389497,0.9672319,0.9236688,0.78144413,0.24832405,0.51053876,1595197800
2020-07-19 23:00:00+00:00,0.27800122,0.9357827,0.9648044,0.9203661,0.777698,0.21224342,0.49546707,1595199600
2020-07-19 23:30:00+00:00,0.26440462,0.9343532,0.96427447,0.9225597,0.78010094,0.19953026,0.4941637,1595201400
2020-07-20 00:00:00+00:00,0.26051992,0.93212265,0.96111953,0.9192816,0.77568907,0.17339689,0.48774323,1595203200
2020-07-20 00:30:00+00:00,0.2715671,0.9382104,0.9661476,0.92323744,0.78060627,0.15325755,0.46688113,1595205000
2020-07-20 01:00:00+00:00,0.28079337,0.937089,0.9661353,0.9206619,0.7790535,0.12193359,0.4456592,1595206800
2020-07-20 01:30:00+00:00,0.27824405,0.93975085,0.9670472,0.92511064,0.78191257,0.104465745,0.44165775,1595208600
2020-07-20 02:00:00+00:00,0.27071735,0.9347228,0.96553135,0.92087126,0.77835095,0.09505775,0.43825638,1595210400
2020-07-20 02:30:00+00:00,0.2851637,0.9378654,0.9667268,0.9243095,0.7810005,0.07591169,0.42088065,1595212200
2020-07-20 03:00:00+00:00,0.27545187,0.932024,0.96150166,0.9200087,0.7763916,0.060696777,0.41494858,1595214000
2020-07-20 03:30:00+00:00,0.26938197,0.9335645,0.9646564,0.92417395,0.7781539,0.054195836,0.4131641,1595215700
2020-07-20 04:00:00+00:00,0.27687475,0.9399432,0.969189,0.92447776,0.7796618,0.029459866,0.39725184,1595217700
2020-07-20 04:30:00+00:00,0.28749537,0.941009,0.96607864,0.9240192,0.7803061,0.010699532,0.37743583,1595219500
2020-07-20 05:00:00+00:00,0.26054677,0.96107036,0.41048568,0.944446,0.79991704,0.003314365,0.38718215,1595221200
2020-07-20 05:30:00+00:00,0.88134885,0.94253594,0.96709645,0.33854064,0.10571344,0.013270811,0.39477226,1595223000
2020-07-20 06:00:00+00:00,0.81142366,0.9668869,0.99514455,0.8165167,0.607302,0.030329704,0.4082138,1595224800
2020-07-20 06:30:00+00:00,0.77621824,0.96724445,0.9936164,0.8157033,0.60284096,0.08189938,0.4293158,1595226600
2020-07-20 07:00:00+00:00,0.72608095,0.9720997,0.99666035,0.81891966,0.6045046,0.1440909,0.46579793,1595228400
2020-07-20 07:30:00+00:00,0.7037437,0.973443,1,0.821446,0.60593414,0.20078546,0.49500626,1595230200
2020-07-20 08:00:00+00:00,0.6888118,0.96461946,0.9917063,0.81555545,0.5982566,0.2419588,0.50837356,1595232000
2020-07-20 08:30:00+00:00,0.674851,0.96827954,0.99435586,0.8174532,0.59976006,0.25523326,0.5199617,1595233800
2020-07-20 09:00:00+00:00,0.64401597,0.96383077,0.9927662,0.81484056,0.59849083,0.29102603,0.5449705,1595235600
2020-07-20 09:30:00+00:00,0.63721764,0.96709645,0.99244577,0.8185131,0.6010048,0.31700447,0.55682325,1595237400
2020-07-20 10:00:00+00:00,0.6386744,0.9697706,0.9979419,0.81948656,0.60115266,0.3418255,0.56289023,1595239200
2020-07-20 10:30:00+00:00,0.6152446,0.9648659,0.99242115,0.8157526,0.5962972,0.37786648,0.58342326,1595241000
2020-07-20 11:00:00+00:00,0.59582096,0.9621425,0.99344397,0.8172931,0.5970736,0.3904672,0.6004118,1595242800
2020-07-20 11:30:00+00:00,0.5914507,0.9652726,0.9949473,0.81995493,0.6014361,0.42287627,0.60790795,1595244500
2020-07-20 12:00:00+00:00,0.59667075,0.96447164,0.99281543,0.81806946,0.5971968,0.42867997,0.60540795,1595246300
2020-07-20 12:30:00+00:00,0.57421213,0.9680331,0.99105316,0.82499516,0.61125785,0.44613343,0.6318607,1595248300
2020-07-20 13:00:00+00:00,0.5390067,0.9269961,0.9537748,0.9028299,0.82956713,0.5095932,0.6537565,1595250000
2020-07-20 13:30:00+00:00,0.5506609,0.9243095,0.9525671,0.9023122,0.82790345,0.51473355,0.65063065,1595251800
2020-07-20 14:00:00+00:00,0.5428915,0.92338526,0.9517415,0.90238625,0.82981354,0.5270307,0.6720864,1595253600
2020-07-20 14:30:00+00:00,0.53172284,0.93042207,0.95805115,0.9076729,0.83343667,0.56314147,0.67914623,1595255400
2020-07-20 15:00:00+00:00,0.53682154,0.92594856,0.9556849,0.90421003,0.8279774,0.5432287,0.6580752,1595257200
2020-07-20 15:30:00+00:00,0.5330582,0.92403847,0.95079255,0.8998599,0.8261289,0.52542377,0.6496621,1595259000
2020-07-20 16:00:00+00:00,0.51545554,0.9252092,0.95058304,0.90257096,0.82784194,0.52214944,0.6541707,1595260800
2020-07-20 16:30:00+00:00,0.5086572,0.9252462,0.95451427,0.9030394,0.82702845,0.5121359,0.64698046,1595262600
2020-07-20 17:00:00+00:00,0.5188547,0.9249011,0.95285064,0.9026696,0.8276324,0.48863637,0.6322484,1595264400
2020-07-20 17:30:00+00:00,0.50792885,0.92592394,0.9537133,0.9026819,0.82798976,0.48514983,0.63305485,1595266200
2020-07-20 18:00:00+00:00,0.4999166,0.92737806,0.95609164,0.9040005,0.8277433,0.47740042,0.6299264,1595268000
2020-07-20 18:30:00+00:00,0.50987124,0.92609656,0.9549825,0.90238625,0.8274352,0.45953855,0.6112029,1595269800
2020-07-20 19:00:00+00:00,0.4946965,0.92544335,0.95285064,0.9025218,0.82538956,0.42919585,0.6029096,1595271600
2020-07-20 19:30:00+00:00,0.48304227,0.927908,0.9534298,0.90223825,0.82723796,0.3556035,0.58425,1595273300
2020-07-20 20:00:00+00:00,0.49538246,0.9258208,0.95284563,0.8997022,0.8241578,0.32566166,0.5593312,1595275300
2020-07-20 20:30:00+00:00,0.49513024,0.9247632,0.9489934,0.9031624,0.8266448,0.29809457,0.5483646,1595277000
